
INSERT INTO `companies` (`id`, `user_id`, `name`, `internal_name`, `address`, `status`, `trade_id`, `created_at`, `updated_at`, `description`, `logo`, `logo_media_id`) VALUES
(1, 38, '上海苏宁云商销售有限公司', NULL, '上海市闵行区吴中路769号', '1', 0, '2018-05-24 15:37:44', '2018-05-24 15:37:44', NULL, '', 0),
(2, 74, '华地百货', NULL, '江苏省无锡市县前东街1号无锡金陵大饭店26层', '3', 0, '2018-07-12 16:09:07', '2018-07-12 16:09:07', NULL, '', 0),
(3, 1, '湖南卫视测试', NULL, '湖南卫视测试', '1', 0, '2018-09-21 16:46:45', '2018-09-21 16:46:45', NULL, '', 0),
(4, 1, '1088广场-傅佳欣', NULL, '1088广场-傅佳欣', '1', 0, '2018-09-05 11:10:10', '2018-09-05 11:10:10', NULL, '', 0),
(5, 1, '扬州金鹰', NULL, '扬州金鹰', '1', 0, '2018-09-05 11:10:10', '2018-09-05 11:10:10', NULL, '', 0),
(6, 1, '颛桥万达', NULL, '颛桥万达', '1', 0, '2018-09-05 11:10:10', '2018-09-05 11:10:10', NULL, '', 0),
(7, 1, '乐荟天地', NULL, '乐荟天地', '1', 0, '2018-09-05 11:10:10', '2018-09-05 11:10:10', NULL, '', 0),
(8, 1, '‬陈允侃', NULL, '‬陈允侃', '1', 0, '2018-09-05 11:10:10', '2018-09-05 11:10:10', NULL, '', 0),
(9, 1, '朱少杰', NULL, '朱少杰', '1', 0, '2018-09-05 11:10:10', '2018-09-05 11:10:10', NULL, '', 0),
(10, 1, '希尔顿', NULL, '希尔顿', '1', 0, '2018-09-05 11:10:10', '2018-09-05 11:10:10', NULL, '', 0),
(11, 1, '星视度', NULL, '上海市浦东新区1118号', '1', 0, '2018-09-05 11:10:10', '2018-09-05 11:10:10', NULL, '', 0),
(59, 1, '活动测试公司', NULL, '活动测试公司', '1', 0, '2018-09-21 17:21:27', '2018-09-21 17:21:27', NULL, '', 0),
(60, 1, '巴拉巴拉', NULL, '巴拉巴拉', '1', 0, '2018-09-21 17:22:37', '2018-09-21 17:22:37', NULL, '', 0),
(61, 1, '华为', NULL, '华为', '1', 0, '2018-09-21 17:22:37', '2018-09-21 17:22:37', NULL, '', 0),
(62, 1, '嘉庭会老上海', NULL, '嘉庭会老上海', '1', 0, '2018-09-21 17:22:37', '2018-09-21 17:22:37', NULL, '', 0),
(63, 1, '棒约翰', NULL, '棒约翰', '1', 0, '2018-09-21 17:22:37', '2018-09-21 17:22:37', NULL, '', 0),
(64, 32, '天猫--美康粉黛旗舰店', NULL, '南京市玄武区水游城中庭', '1', 0, '2018-10-24 16:04:37', '2018-10-24 16:04:37', NULL, '', 0),
(65, 1, '美康粉黛旗舰店', NULL, '', '1', 0, '2018-10-24 16:59:13', '2018-10-24 16:59:13', NULL, '', 0),
(66, 1, '怡丽官方旗舰店', NULL, '', '1', 0, '2018-10-24 16:59:13', '2018-10-24 16:59:13', NULL, '', 0),
(67, 1, '玛丽黛佳旗舰店', NULL, '', '1', 0, '2018-10-24 16:59:13', '2018-10-24 16:59:13', NULL, '', 0),
(68, 1, '自然堂旗舰店', NULL, '', '1', 0, '2018-10-24 16:59:13', '2018-10-24 16:59:13', NULL, '', 0),
(69, 1, '蜜丝佛陀官方旗舰店', NULL, '', '1', 0, '2018-10-24 16:59:14', '2018-10-24 16:59:14', NULL, '', 0),
(70, 1, '罗莱官方旗舰店', NULL, '', '1', 0, '2018-10-24 16:59:14', '2018-10-24 16:59:14', NULL, '', 0),
(71, 1, 'mccormick味好美旗舰店', NULL, '', '1', 0, '2018-10-24 16:59:14', '2018-10-24 16:59:14', NULL, '', 0),
(72, 1, '高洁丝官方旗舰店', NULL, '', '1', 0, '2018-10-24 16:59:14', '2018-10-24 16:59:14', NULL, '', 0),
(73, 1, 'MISSHA谜尚官方旗舰', NULL, '', '1', 0, '2018-10-24 16:59:14', '2018-10-24 16:59:14', NULL, '', 0),
(74, 50, '大融城-测试', NULL, '大融城', '1', 0, '2018-10-30 14:48:58', '2018-11-07 17:16:19', '大融城商户空格\n吃啥\n测试测试', 'https://cdn.exe666.com/fe/drc/logo/drc.jpg', 0),
(75, 83, '星视度', NULL, '鄂尔多斯大厦', '1', 0, '2018-10-31 14:12:14', '2018-10-31 14:12:14', NULL, '', 0),
(76, 83, '新镜', NULL, '鄂尔多斯大厦', '1', 0, '2018-10-31 14:17:27', '2018-10-31 14:17:27', NULL, '', 0),
(77, 83, '宇宙无敌美少女公司', NULL, 'M78', '1', 0, '2018-10-31 15:12:45', '2018-10-31 15:12:45', NULL, '', 0),
(78, 81, '维他柠檬茶', NULL, 'vita lemon tea', '1', 0, '2018-10-31 16:39:14', '2018-10-31 16:39:14', NULL, '', 0),
(79, 81, '测试专场', NULL, '鄂尔多斯大厦10楼哦', '1', 0, '2018-11-01 16:05:57', '2018-11-01 16:05:57', NULL, '', 0),
(80, 83, '测试专用', NULL, '鄂尔多斯大厦', '1', 0, '2018-11-01 16:33:07', '2018-11-01 16:33:07', NULL, '', 0),
(81, 89, '测试公司', NULL, '测试公司', '1', 0, '2018-11-06 18:50:20', '2018-11-06 18:50:20', NULL, '', 0),
(82, 83, '太禾影城', NULL, '太禾影城', '1', 0, '2018-11-07 15:40:14', '2018-11-07 15:40:14', NULL, '', 0),
(83, 85, '法务公司', NULL, '法务公司', '1', 0, '2018-11-14 11:17:11', '2018-11-14 11:17:11', '法务公司', '', 0),
(84, 83, 'xx', NULL, 'xx', '1', 0, '2018-11-15 10:46:37', '2018-11-15 10:46:37', 'xx', '', 0),
(85, 83, '测试点1', NULL, '测试点1', '1', 0, '2018-11-15 14:09:33', '2018-11-15 14:09:33', '测试点1', '', 0);


INSERT INTO `coupons` (`id`, `coupon_batch_id`, `mobile`, `code`, `picm_id`, `trace_id`, `status`, `created_at`, `updated_at`, `wx_user_id`, `taobao_user_id`, `order_no`, `order_total`, `media_id`, `shop_customer_id`, `member_uid`, `qiniu_id`, `channel`, `oid`, `belong`) VALUES
(1, 3, '', '5bcee6b670baa', '', '', 1, '2018-10-23 17:15:34', '2018-10-23 17:15:54', 0, 'asdfasdfadf', '', '', 0, 0, 0, 0, '', 0, ''),
(2, 3, '', '5bceea9b87df9', '', '', 1, '2018-10-23 17:32:11', '2018-10-23 17:33:45', 0, 'sdfsadfa', '', '', 0, 0, 0, 0, '', 0, ''),
(3, 3, '', '5bd01fc3d50e0', '', '', 3, '2018-10-24 15:31:15', '2018-10-24 15:31:15', 0, 'AAGsESr6AGsOHI408ramCukB', '', '', 0, 0, 0, 0, '', 0, ''),
(4, 14, '', '5bd11ea03485f', '', '', 1, '2018-10-25 09:38:40', '2018-10-30 11:44:50', 0, 'wx', '343423423', '', 0, 0, 0, 0, '', 0, ''),
(5, 16, '', '5bd83efd40281', '', '', 1, '2018-10-30 19:22:37', '2018-10-31 10:29:19', 0, '', '111', '1', 0, 24, 105689, 0, '', 0, ''),
(6, 16, '', '5bd83f40591c8', '', '', 1, '2018-10-30 19:23:44', '2018-10-30 19:31:43', 0, '', '20181030001', '100', 8, 24, 105697, 0, '', 0, ''),
(7, 13, '', '5bdd5b6969329', '', '', 3, '2018-11-03 16:25:13', '2018-11-03 16:25:13', 12, '', '', '', 0, 0, 0, 0, '', 0, ''),
(8, 13, '', '5bdff4cf8be2a', '', '', 3, '2018-11-05 15:44:15', '2018-11-05 15:44:15', 3, '', '', '', 0, 0, 0, 0, '', 0, ''),
(9, 7, '', '5be0000ba16f4', '', '', 3, '2018-11-05 16:32:11', '2018-11-05 16:32:11', 1, '', '', '', 0, 0, 0, 0, '', 0, ''),
(10, 7, '', '5be001a903449', '', '', 3, '2018-11-05 16:39:05', '2018-11-05 16:39:05', 2, '', '', '', 0, 0, 0, 0, '', 0, ''),
(11, 7, '', '5be00d2bb0ce3', '', '', 3, '2018-11-05 17:28:11', '2018-11-05 17:28:11', 3, '', '', '', 0, 0, 0, 0, '', 0, ''),
(12, 7, '', '5be00d8c07814', '', '', 3, '2018-11-05 17:29:48', '2018-11-05 17:29:48', 4, '', '', '', 0, 0, 0, 0, '', 0, ''),
(13, 13, '', '5be017d33b9eb', '', '', 1, '2018-11-05 18:13:39', '2018-11-05 18:26:32', 4, '', '', '1', 0, 15, 0, 0, '', 0, ''),
(14, 13, '', '5be139207e963', '', '', 3, '2018-11-06 14:48:00', '2018-11-06 14:48:00', 7, '', '', '', 0, 0, 0, 0, '', 0, ''),
(15, 16, '', '5be139e2596a9', '', '', 3, '2018-11-06 14:51:14', '2018-11-06 14:51:14', 7, '', '', '', 0, 0, 0, 0, '', 0, ''),
(16, 14, '', '5be2a1396123c', '', '', 1, '2018-11-07 16:24:25', '2018-11-07 16:25:14', 7, '', '', '0', 0, 15, 0, 0, '', 0, ''),
(17, 14, '', '5be2a220ac87b', '', '', 1, '2018-11-07 16:28:16', '2018-11-07 16:28:37', 3, '', '', '0', 0, 15, 0, 0, '', 0, ''),
(18, 18, '', '5be2a5fed2988', '', '', 3, '2018-11-07 16:44:46', '2018-11-07 16:44:46', 12, '', '', '', 0, 0, 0, 0, '', 0, ''),
(19, 18, '', '5be2ab0c649e2', '', '', 1, '2018-11-07 17:06:20', '2018-11-07 17:19:36', 7, '', '', '0', 0, 31, 0, 0, '', 0, ''),
(20, 16, '', '5be2addeac145', '', '', 3, '2018-11-07 17:18:22', '2018-11-07 17:18:22', 0, '', '', '', 0, 0, 105000, 0, '', 0, ''),
(21, 18, '', '5be2b06284eb8', '', '', 1, '2018-11-07 17:29:06', '2018-11-07 17:29:54', 23, '', '', '0', 0, 31, 0, 0, '', 0, ''),
(22, 18, '', '5be2b0c895861', '', '', 3, '2018-11-07 17:30:48', '2018-11-07 17:30:48', 6, '', '', '', 0, 0, 0, 0, '', 0, ''),
(23, 18, '', '5be2b12fd08fe', '', '', 3, '2018-11-07 17:32:31', '2018-11-07 17:32:31', 24, '', '', '', 0, 0, 0, 0, '', 0, ''),
(24, 18, '', '5be2b7a1cf17f', '', '', 3, '2018-11-07 18:00:01', '2018-11-07 18:00:01', 0, '', '', '', 0, 0, 0, 0, '', 0, ''),
(25, 18, '', '5be2b9f8a1ceb', '', '', 3, '2018-11-07 18:10:00', '2018-11-07 18:10:00', 0, '', '', '', 0, 0, 0, 0, '', 0, ''),
(26, 18, '', '5be2b9fb40529', '', '', 3, '2018-11-07 18:10:03', '2018-11-07 18:10:03', 0, '', '', '', 0, 0, 0, 0, '', 0, ''),
(27, 18, '', '5be2ba1c8937d', '', '', 3, '2018-11-07 18:10:36', '2018-11-07 18:10:36', 0, '', '', '', 0, 0, 0, 0, '', 0, ''),
(28, 18, '', '5be2bb6b489ff', '', '', 3, '2018-11-07 18:16:11', '2018-11-07 18:16:11', 0, '', '', '', 0, 0, 0, 0, '', 0, ''),
(29, 18, '', '5be2bbf315ba5', '', '', 3, '2018-11-07 18:18:27', '2018-11-07 18:18:27', 0, '', '', '', 0, 0, 0, 0, '', 0, ''),
(30, 18, '', '5be38c00dfdbe', '', '', 3, '2018-11-08 09:06:08', '2018-11-08 09:06:08', 0, '', '', '', 0, 0, 0, 0, '', 0, ''),
(31, 18, '', '5be38c03cd4b4', '', '', 3, '2018-11-08 09:06:11', '2018-11-08 09:06:11', 0, '', '', '', 0, 0, 0, 0, '', 0, ''),
(32, 18, '', '5be38f8bb6e86', '', '', 3, '2018-11-08 09:21:15', '2018-11-08 09:21:15', 0, '', '', '', 0, 0, 0, 0, '', 0, ''),
(33, 14, '', '5be391e484f97', '', '', 3, '2018-11-08 09:31:16', '2018-11-08 09:31:16', 4, '', '', '', 0, 0, 0, 0, '', 0, ''),
(34, 18, '', '5be392abda532', '', '', 3, '2018-11-08 09:34:35', '2018-11-08 09:34:35', 0, '', '', '', 0, 0, 0, 0, '', 0, ''),
(35, 18, '', '5be392d38781b', '', '', 3, '2018-11-08 09:35:15', '2018-11-08 09:35:15', 0, '', '', '', 0, 0, 0, 0, '', 0, ''),
(36, 18, '', '5be392e7648d0', '', '', 3, '2018-11-08 09:35:35', '2018-11-08 09:35:35', 0, '', '', '', 0, 0, 0, 0, '', 0, ''),
(37, 18, '', '5be392ee4d69f', '', '', 3, '2018-11-08 09:35:42', '2018-11-08 09:35:42', 0, '', '', '', 0, 0, 0, 0, '', 0, ''),
(38, 18, '', '5be393b747834', '', '', 3, '2018-11-08 09:39:03', '2018-11-08 09:39:03', 0, '', '', '', 0, 0, 0, 0, '', 0, ''),
(39, 18, '', '5be393bb050af', '', '', 3, '2018-11-08 09:39:07', '2018-11-08 09:39:07', 0, '', '', '', 0, 0, 0, 0, '', 0, ''),
(40, 18, '', '5be393bbbd822', '', '', 3, '2018-11-08 09:39:07', '2018-11-08 09:39:07', 0, '', '', '', 0, 0, 0, 0, '', 0, ''),
(41, 18, '', '5be393bc0eb5e', '', '', 3, '2018-11-08 09:39:08', '2018-11-08 09:39:08', 0, '', '', '', 0, 0, 0, 0, '', 0, ''),
(42, 18, '', '5be393bc73622', '', '', 3, '2018-11-08 09:39:08', '2018-11-08 09:39:08', 0, '', '', '', 0, 0, 0, 0, '', 0, ''),
(43, 18, '', '5be393bcd46fd', '', '', 3, '2018-11-08 09:39:08', '2018-11-08 09:39:08', 0, '', '', '', 0, 0, 0, 0, '', 0, ''),
(44, 18, '', '5be393bd1c741', '', '', 3, '2018-11-08 09:39:09', '2018-11-08 09:39:09', 0, '', '', '', 0, 0, 0, 0, '', 0, ''),
(45, 18, '', '5be393bd77fee', '', '', 3, '2018-11-08 09:39:09', '2018-11-08 09:39:09', 0, '', '', '', 0, 0, 0, 0, '', 0, ''),
(46, 18, '', '5be39422b81a3', '', '', 3, '2018-11-08 09:40:50', '2018-11-08 09:40:50', 0, '', '', '', 0, 0, 0, 0, '', 0, ''),
(47, 18, '', '5be394284c492', '', '', 3, '2018-11-08 09:40:56', '2018-11-08 09:40:56', 0, '', '', '', 0, 0, 0, 0, '', 0, ''),
(48, 18, '', '5be3947010b59', '', '', 3, '2018-11-08 09:42:08', '2018-11-08 09:42:08', 0, '', '', '', 0, 0, 0, 0, '', 0, ''),
(49, 18, '', '5be394752f448', '', '', 3, '2018-11-08 09:42:13', '2018-11-08 09:42:13', 0, '', '', '', 0, 0, 0, 0, '', 0, ''),
(50, 18, '', '5be3949e88a61', '', '', 3, '2018-11-08 09:42:54', '2018-11-08 09:42:54', 0, '', '', '', 0, 0, 0, 0, '', 0, ''),
(51, 14, '', '5be39506c7bc9', '', '', 3, '2018-11-08 09:44:38', '2018-11-08 09:44:38', 1, '', '', '', 0, 0, 0, 0, '', 0, ''),
(52, 14, '', '5be39514494c3', '', '', 3, '2018-11-08 09:44:52', '2018-11-08 09:44:52', 1, '', '', '', 0, 0, 0, 0, '', 0, ''),
(53, 14, '', '5be395226acba', '', '', 3, '2018-11-08 09:45:06', '2018-11-08 09:45:06', 1, '', '', '', 0, 0, 0, 0, '', 0, ''),
(54, 14, '', '5be3954d246c2', '', '', 3, '2018-11-08 09:45:49', '2018-11-08 09:45:49', 1, '', '', '', 0, 0, 0, 0, '', 0, ''),
(55, 14, '', '5be395cc5f5d4', '', '', 3, '2018-11-08 09:47:56', '2018-11-08 09:47:56', 1, '', '', '', 0, 0, 0, 0, '', 0, ''),
(56, 14, '', '5be39806681ae', '', '', 3, '2018-11-08 09:57:26', '2018-11-08 09:57:26', 4, '', '', '', 0, 0, 0, 0, '', 0, ''),
(57, 14, '', '5be3986d98ee2', '', '', 3, '2018-11-08 09:59:09', '2018-11-08 09:59:09', 1, '', '', '', 0, 0, 0, 0, '', 0, ''),
(58, 14, '', '5be3a132df654', '', '', 3, '2018-11-08 10:36:34', '2018-11-08 10:36:34', 1, '', '', '', 0, 0, 0, 0, '', 0, ''),
(59, 14, '', '5be3b30b4754d', '', '', 3, '2018-11-08 11:52:43', '2018-11-08 11:52:43', 1, '', '', '', 0, 0, 0, 0, '', 0, ''),
(60, 14, '', '5be3e69932e3d', '', '', 3, '2018-11-08 15:32:41', '2018-11-08 15:32:41', 12, '', '', '', 0, 0, 0, 0, '', 0, ''),
(61, 13, '', '5be3e813e170f', '', '', 3, '2018-11-08 15:38:59', '2018-11-08 15:38:59', 12, '', '', '', 0, 0, 0, 0, '', 0, ''),
(62, 13, '', '5be3e8ccac0f0', '', '', 3, '2018-11-08 15:42:04', '2018-11-08 15:42:04', 7, '', '', '', 0, 0, 0, 0, '', 0, ''),
(63, 13, '', '5be3e8e0665a9', '', '', 3, '2018-11-08 15:42:24', '2018-11-08 15:42:24', 7, '', '', '', 0, 0, 0, 0, '', 0, ''),
(64, 13, '', '5be3e8e0d5f3e', '', '', 3, '2018-11-08 15:42:24', '2018-11-08 15:42:24', 7, '', '', '', 0, 0, 0, 0, '', 0, ''),
(65, 13, '', '5be3e8e8e31f9', '', '', 1, '2018-11-08 15:42:32', '2018-11-08 18:38:26', 7, '', '', '0', 0, 15, 0, 0, '', 429, ''),
(66, 13, '', '5be3e8fea3737', '', '', 3, '2018-11-08 15:42:54', '2018-11-08 15:42:54', 16, '', '', '', 0, 0, 0, 0, '', 0, ''),
(67, 13, '', '5be3ea454bc24', '', '', 3, '2018-11-08 15:48:21', '2018-11-08 15:48:21', 16, '', '', '', 0, 0, 0, 0, '', 0, ''),
(68, 13, '', '5be3eab27b8b6', '', '', 3, '2018-11-08 15:50:10', '2018-11-08 15:50:10', 16, '', '', '', 0, 0, 0, 0, '', 0, ''),
(69, 13, '', '5be3ead517738', '', '', 3, '2018-11-08 15:50:45', '2018-11-08 15:50:45', 16, '', '', '', 0, 0, 0, 0, '', 0, ''),
(70, 13, '', '5be3eaf9a4172', '', '', 3, '2018-11-08 15:51:21', '2018-11-08 15:51:21', 3, '', '', '', 0, 0, 0, 0, '', 0, ''),
(71, 13, '', '5be3f3e5e7d4d', '', '', 3, '2018-11-08 16:29:25', '2018-11-08 16:29:25', 1, '', '', '', 0, 0, 0, 0, '', 0, ''),
(72, 13, '', '5be3f410eabeb', '', '', 1, '2018-11-08 16:30:08', '2018-11-27 10:39:05', 1, '', '', '0', 0, 15, 0, 0, '', 0, ''),
(73, 16, '', '5be4f611e4059', '', '', 3, '2018-11-09 10:50:57', '2018-11-09 10:50:57', 0, '', '', '', 0, 0, 105000, 0, '', 0, ''),
(74, 16, '', '5be4f613cfd96', '', '', 3, '2018-11-09 10:50:59', '2018-11-09 10:50:59', 0, '', '', '', 0, 0, 105000, 0, '', 0, ''),
(75, 16, '', '5be4f6154d488', '', '', 3, '2018-11-09 10:51:01', '2018-11-09 10:51:01', 0, '', '', '', 0, 0, 105000, 0, '', 0, ''),
(76, 16, '', '5be4fd3421479', '', '', 3, '2018-11-09 11:21:24', '2018-11-09 11:21:24', 0, 'AAGsESr6AGsOHI408ramCu', '', '', 0, 0, 0, 0, '', 0, ''),
(77, 18, '', '5bea2b6e26fc4', '', '', 3, '2018-11-13 09:39:58', '2018-11-13 09:39:58', 0, '', '', '', 0, 0, 0, 0, '', 0, ''),
(78, 18, '', '5bea2b7321e5c', '', '', 3, '2018-11-13 09:40:03', '2018-11-13 09:40:03', 0, '', '', '', 0, 0, 0, 0, '', 0, ''),
(79, 18, '', '5bea4f43f1a7a', '', '', 3, '2018-11-13 12:12:51', '2018-11-13 12:12:51', 0, '', '', '', 0, 0, 0, 2223344, '', 0, ''),
(80, 18, '', '5bea4f4c79433', '', '', 3, '2018-11-13 12:13:00', '2018-11-13 12:13:00', 0, '', '', '', 0, 0, 0, 2223344, '', 0, ''),
(81, 18, '', '5bea4f517ec22', '', '', 3, '2018-11-13 12:13:05', '2018-11-13 12:13:05', 0, '', '', '', 0, 0, 0, 2223344, '', 0, ''),
(82, 18, '', '5bea4f61addb3', '', '', 3, '2018-11-13 12:13:21', '2018-11-13 12:13:21', 4, '', '', '', 0, 0, 0, 2223344, '', 0, ''),
(83, 18, '', '5bea656768448', '', '', 3, '2018-11-13 13:47:19', '2018-11-13 13:47:19', 12, '', '', '', 0, 0, 0, 112222, '', 0, ''),
(84, 18, '', '5bec1e6669d2b', '', '', 3, '2018-11-14 21:08:54', '2018-11-14 21:08:54', 1, '', '', '', 0, 0, 0, 0, '', 0, ''),
(85, 18, '', '5bf4d7dcb6f88', '', '', 3, '2018-11-21 11:58:20', '2018-11-21 11:58:20', 1, '', '', '', 0, 0, 0, 6689965, '', 540, 'FromStars');


INSERT INTO `coupon_batches` (`id`, `company_id`, `create_user_id`, `bd_user_id`, `image_url`, `name`, `third_code`, `description`, `amount`, `count`, `stock`, `people_max_get`, `pmg_status`, `day_max_get`, `dmg_status`, `is_fixed_date`, `delay_effective_day`, `effective_day`, `start_date`, `end_date`, `is_active`, `created_at`, `updated_at`, `type`, `redirect_url`, `title`, `campaign_id`, `sort_order`, `dynamic_stock_status`, `write_off_status`, `wechat_coupon_batch_id`) VALUES
(1, 2, 74, 74, '', '11.1优惠券', '2mdpr0KMmEfsM4rEH+IiPympCmt2Piq4K8lhd0JGSRs=', '价值20元代金券一张', 0, 6000, 5971, 0, 0, 0, 0, 0, 0, 0, NULL, NULL, 1, '2018-07-12 18:27:15', '2018-07-13 13:51:22', 1, '', '', 0, 1, 0, 1, 0),
(2, 2, 74, 74, '', '10元代金券', '42YhIIiUMAO51JsaFV5sB+SfVtJUczSC2jyvwSHxerg=', '价值10元代金券一张', 0, 10100, 9885, 0, 0, 0, 0, 0, 0, 0, NULL, NULL, 1, '2018-07-12 18:27:15', '2018-09-14 09:27:37', 1, '', '', 0, 1, 0, 1, 0),
(3, 11, 50, 1, '', '平安符', '', '平安符', 0, 500, 434, 1, 0, 50, 0, 0, 0, 0, '2018-09-14 00:00:00', '2018-10-31 23:59:59', 1, '2018-07-12 19:51:17', '2018-10-24 15:31:15', 1, '', '', 0, 1, 0, 1, 0),
(4, 11, 50, 1, 'www.baidu.com', '西树泡芙5元代金券', '', '西树泡芙5元代金券', 5, 100, 90, 1, 0, 10, 0, 0, 0, 0, '2018-09-14 00:00:00', '2018-10-31 23:59:59', 1, '2018-07-12 19:52:51', '2018-10-19 16:48:55', 0, 'www.baidu.com', '', 0, 1, 0, 1, 0),
(5, 11, 50, 1, '', '熊本熊水杯', '', '熊本熊水杯', 0, 100, 87, 1, 0, 10, 0, 0, 0, 0, '2018-09-14 00:00:00', '2018-10-31 23:59:59', 1, '2018-07-13 14:06:34', '2018-09-19 21:06:55', 1, '', '', 0, 1, 0, 1, 0),
(6, 11, 50, 1, '', '苏小柳100元代金券', '', '苏小柳100元代金券', 100, 70, 14, 1, 0, 5, 0, 0, 0, 0, '2018-09-14 00:00:00', '2018-10-31 23:59:59', 1, '2018-09-14 08:48:44', '2018-09-30 10:35:03', 1, '', '', 0, 1, 0, 1, 0),
(7, 11, 50, 1, 'http://cdn.exe666.com/fe/image/drc/guoqing/1.png', '汤姆熊币', '', '领取地点：服务台L5\n', 0, 120, 2, 1, 0, 40, 0, 0, 0, 3, '2018-09-22 00:00:00', '2018-11-30 23:59:59', 1, '2018-09-18 14:06:48', '2018-11-05 17:29:48', 1, '', '', 0, 1, 0, 0, 0),
(8, 11, 50, 1, 'http://cdn.exe666.com/fe/image/drc/guoqing/2.png', '炫彩杯子或背包任选', '', '领券地点：华为门店L119-2\n ', 0, 45, 48, 1, 0, 15, 0, 0, 0, 3, '2018-09-22 00:00:00', '2018-10-31 23:59:59', 0, '2018-09-18 14:08:50', '2018-09-30 12:09:00', 1, '', '', 0, 1, 0, 1, 0),
(9, 11, 50, 1, 'http://cdn.exe666.com/fe/image/drc/guoqing/3.png', '鲜肉月饼', '', '领取地点：嘉庭L503-2\n', 0, 90, 16, 1, 0, 30, 0, 0, 0, 3, '2018-09-22 00:00:00', '2018-10-31 23:59:59', 0, '2018-09-19 17:20:40', '2018-09-30 16:06:45', 1, '', '', 0, 1, 0, 1, 0),
(10, 11, 50, 1, 'http://cdn.exe666.com/fe/image/drc/guoqing/4.png', '精美文具礼盒', '', '领取地点：关注商户公众号后领取，Balabala L324-325', 0, 30, 5, 1, 0, 10, 0, 0, 0, 3, '2018-09-22 00:00:00', '2018-10-31 23:59:59', 0, '2018-09-19 18:26:53', '2018-09-30 12:08:31', 1, '', '', 0, 1, 0, 1, 0),
(11, 11, 50, 1, 'http://cdn.exe666.com/fe/image/drc/guoqing/5.png', '谢谢惠顾', '', '谢谢惠顾', 0, 100, 8, 1, 1, 5, 1, 0, 0, 0, '2018-09-28 00:00:00', '2018-10-12 23:59:59', 1, '2018-09-20 10:44:09', '2018-09-29 14:03:31', 1, '', '', 0, 1, 0, 1, 0),
(12, 2, 61, 74, '', '测试pad', '', '', 0, 100, 10, 0, 0, 0, 0, 0, 0, 0, '2018-09-06 00:00:00', '2018-09-30 23:59:59', 1, '2018-09-29 10:04:16', '2018-09-29 11:49:50', 1, '', '', 0, 1, 0, 1, 0),
(13, 59, 61, 1, 'https://cdn.exe666.com/fe/marketing/img/lion/coupon_03.png', '50元肥嫂现金券', '', '50元肥嫂现金券', 50, 100, 100, 2, 0, 1000, 0, 0, 0, 0, '2018-11-01 00:00:00', '2018-11-23 23:59:59', 1, '2018-10-23 18:37:34', '2018-11-08 16:34:17', 1, 'http://www.baidu.com', '肥嫂', 0, 1, 1, 1, 0),
(14, 59, 61, 1, 'https://cdn.exe666.com/fe/image/tmall/play_gift/couponA.png', '林清轩-小样', '', '满300元使用', 50, 1000, 999, 100, 0, 100, 0, 0, 0, 0, '2018-11-07 00:00:00', '2018-11-08 23:59:59', 1, '2018-10-23 18:39:34', '2018-11-07 16:25:32', 2, 'www.actiview.com', '', 0, 1, 1, 1, 0),
(15, 64, 46, 32, '', '10元(满99元）', '', '满99-10', 10, 0, 0, 1, 0, 10, 0, 0, 0, 5, '2018-10-24 00:00:00', '2018-11-13 23:59:59', 1, '2018-10-24 17:09:14', '2018-10-24 17:09:14', 1, 'https://taoquan.taobao.com/coupon/unify_apply.htm?sellerId=191008125&activityId=956efb51958c45338a53da8edcb249e3', '', 0, 1, 0, 1, 0),
(16, 74, 50, 50, 'https://cdn.exe666.com/fe/drc/logo/drc.jpg', '10元优惠券', '', '10元优惠券\n测试空格\n测试换行', 10, 1000, 993, 1, 0, 4, 0, 0, 1, 1, '2018-10-30 00:00:00', '2018-11-10 23:59:59', 1, '2018-10-30 16:26:52', '2018-11-09 11:22:21', 1, 'http://www.baidu.com', '', 1, 1, 0, 1, 0),
(17, 80, 46, 83, 'https://cdn.exe666.com/fe/marketing/img/taihe/coupon_02.png', '测试专用', '', '测试专用', 0, 0, 0, 0, 0, 0, 0, 0, 0, 0, '2018-11-06 00:00:00', '2018-11-10 23:59:59', 0, '2018-11-06 18:38:53', '2018-11-07 18:13:34', 1, '', '测试专用', 0, 1, 0, 1, 0),
(18, 82, 46, 83, 'https://cdn.exe666.com/fe/marketing/img/taihe/5_2_1.png', '太禾测试券', '', '太禾测试券', 0, 100, 100, 1, 0, 100, 0, 0, 0, 0, '2018-11-01 00:00:00', '2018-11-30 23:59:59', 1, '2018-11-07 15:45:30', '2018-11-23 09:53:02', 1, '', '太禾测试券', 0, 1, 0, 1, 0),
(19, 82, 46, 83, 'https://cdn.exe666.com/fe/marketing/img/taihe/coupon_02.png', '测试券2', '', '测试券2', 5, 100, 100, 1, 0, 1, 0, 0, 0, 0, '2018-11-07 00:00:00', '2018-11-10 23:59:59', 1, '2018-11-07 18:14:49', '2018-11-07 18:14:49', 1, '', '测试券2', 0, 1, 0, 1, 0),
(20, 82, 46, 83, 'https://cdn.exe666.com/fe/marketing/img/taihe/coupon_02.png', '测试券测试测试2', '', '测试券2', 15, 0, 0, 1, 0, 0, 1, 0, 0, 0, '2018-11-07 00:00:00', '2018-11-23 23:59:59', 0, '2018-11-16 15:56:50', '2018-11-16 16:07:57', 1, '', '测试券2', 0, 1, 0, 0, 0),
(21, 62, 61, 1, '', 'test 对的', '', '', 0, 0, 0, 0, 0, 0, 0, 0, 0, 0, NULL, NULL, 1, '2018-11-16 15:59:29', '2018-11-16 15:59:29', 1, '', '', 0, 1, 0, 1, 0),
(22, 62, 61, 1, '', 'test 对的ww', '', '', 0, 0, 0, 0, 0, 0, 0, 0, 0, 0, NULL, NULL, 1, '2018-11-16 16:00:42', '2018-11-16 16:01:23', 1, '', '', 0, 1, 0, 1, 0);


INSERT INTO `coupon_batch_policy` (`id`, `policy_id`, `coupon_batch_id`, `min_age`, `max_age`, `gender`, `rate`, `type`, `created_at`, `updated_at`, `min_score`, `max_score`) VALUES
(1, 1, 1, 15, 35, 0, 10, 'age', NULL, NULL, 0, 20),
(3, 2, 3, 30, 40, 1, 50, 'age', NULL, NULL, 0, 0),
(4, 2, 4, 20, 30, 0, 50, 'age', NULL, NULL, 0, 0),
(5, 2, 2, 30, 40, 0, 50, 'age', NULL, NULL, 0, 0),
(6, 1, 5, 15, 35, 0, 90, 'age', NULL, NULL, 21, 40),
(7, 3, 3, 10, 30, 0, 10, 'age', NULL, NULL, 0, 0),
(8, 3, 4, 20, 40, 0, 20, 'age', NULL, NULL, 0, 0),
(9, 4, 7, 0, 0, 0, 400, 'rate', NULL, NULL, 0, 0),
(10, 4, 8, 0, 0, 1, 150, 'rate', NULL, NULL, 0, 0),
(11, 4, 9, 0, 0, 0, 300, 'rate', NULL, NULL, 0, 0),
(15, 4, 10, 0, 0, 0, 100, 'rate', NULL, NULL, 0, 0),
(16, 4, 11, 0, 0, 0, 500, 'rate', NULL, NULL, 0, 0),
(19, 1, 2, 11, 11, 0, 11, 'age', NULL, NULL, 41, 100),
(20, 5, 3, 0, 0, 0, 50, 'rate', NULL, NULL, 0, 0),
(21, 5, 7, 0, 0, 0, 50, 'rate', NULL, NULL, 0, 0),
(22, 7, 18, 0, 0, 0, 100, 'gender', NULL, NULL, 0, 0),
(23, 7, 19, 0, 0, 0, 100, 'gender', NULL, NULL, 0, 0),
(24, 7, 20, 0, 0, 0, 100, 'gender', NULL, NULL, 0, 0);



INSERT INTO `customers` (`id`, `company_id`, `name`, `position`, `phone`, `telephone`, `created_at`, `updated_at`, `password`, `avatar`, `introduction`, `notification_count`, `weixin_openid`, `weixin_unionid`, `ar_user_id`, `deleted_at`) VALUES
(1, 1, '何彦', NULL, '18001818981', NULL, '2018-05-24 15:38:24', '2018-05-24 15:38:24', '', NULL, NULL, 0, NULL, NULL, NULL, NULL),
(2, 3, '湖南卫视测试', NULL, '15612345678', NULL, '2018-09-05 11:10:10', '2018-09-21 16:46:45', '$2y$10$dTA7NjuKJPtrZ8LGs6203OKodEqJXrIcAYUHRjFAGW0lTFIuccZiS', 'https://fsdhubcdn.phphub.org/uploads/images/201710/14/1/xAuDMxteQy.png?imageView2/1/w/200/h/200', NULL, 0, NULL, NULL, 1134, NULL),
(3, 53, '1088广场-傅佳欣', NULL, '13701617504', NULL, '2018-09-05 11:10:10', '2018-09-21 16:46:45', '$2y$10$tIv.xvgN0iYGWlrjtg9OIeItgwoOsSG61aksf2e2KUv0S1SEZlWdy', 'https://fsdhubcdn.phphub.org/uploads/images/201710/14/1/LOnMrqbHJn.png?imageView2/1/w/200/h/200', NULL, 0, NULL, NULL, 1052, NULL),
(4, 54, '扬州金鹰', NULL, '18052520520', NULL, '2018-09-05 11:10:10', '2018-09-21 16:46:46', '$2y$10$nIK0nzvGrBcrVPtqmsYw0OVr.oQZelHEz361.390964C0Up3D8dEO', 'https://fsdhubcdn.phphub.org/uploads/images/201710/14/1/ZqM7iaP4CR.png?imageView2/1/w/200/h/200', NULL, 0, NULL, NULL, 1053, NULL),
(5, 55, '颛桥万达', NULL, '13912178911', NULL, '2018-09-05 11:10:10', '2018-09-21 16:46:46', '$2y$10$aP.x2JrIxrT1ngPEej6kB.bRaWiJjFAMxPID53ZeR0kjQFQzulwZi', 'https://fsdhubcdn.phphub.org/uploads/images/201710/14/1/xAuDMxteQy.png?imageView2/1/w/200/h/200', NULL, 0, NULL, NULL, 1081, NULL),
(6, 56, '乐荟天地', NULL, '13918142504', NULL, '2018-09-05 11:10:10', '2018-09-21 16:46:46', '$2y$10$Lmd7aQzRZ/s4o7VcJ8kxt.fyB/gRBCApU3TzejJci9LUD5i7yx472', 'https://fsdhubcdn.phphub.org/uploads/images/201710/14/1/ZqM7iaP4CR.png?imageView2/1/w/200/h/200', NULL, 0, NULL, NULL, 1088, NULL),
(7, 57, '‬陈允侃', NULL, '18621263369', NULL, '2018-09-05 11:10:10', '2018-09-21 16:46:46', '$2y$10$nNq.Q4h1VaajtgBhEXwIbuL.YXlvn2jq6d0Ckp1yfPLz5OfKDzCyG', 'https://fsdhubcdn.phphub.org/uploads/images/201710/14/1/LOnMrqbHJn.png?imageView2/1/w/200/h/200', NULL, 0, NULL, NULL, 1092, NULL),
(8, 47, '朱少杰', NULL, '13761177533', NULL, '2018-09-05 11:10:10', '2018-09-21 16:44:11', '$2y$10$jfosYKw50ck0GIpSLoJDqeVl3vUEnHNWwSIL2oNFpR08BPig5Yudm', 'https://fsdhubcdn.phphub.org/uploads/images/201710/14/1/LOnMrqbHJn.png?imageView2/1/w/200/h/200', NULL, 0, NULL, NULL, 1094, NULL),
(9, 58, '希尔顿', NULL, '13661234567', NULL, '2018-09-05 11:10:10', '2018-09-21 16:46:46', '$2y$10$j/7OEH3Y/qe/vgtL6s.WMugS/IcWE0a58IeEX2duOPHKwFHXBT7gi', 'https://fsdhubcdn.phphub.org/uploads/images/201710/14/1/ZqM7iaP4CR.png?imageView2/1/w/200/h/200', NULL, 0, NULL, NULL, 1112, NULL),
(10, 3, '湖南卫视测试', NULL, '13000000000', NULL, '2018-09-21 16:14:38', '2018-09-21 16:44:10', '$2y$10$lR9jkMDuvQgxjNAj1Je4QeeEolQP8vFzsWeeoob.SqP5oglpqk6E.', 'https://fsdhubcdn.phphub.org/uploads/images/201710/14/1/Lhd1SHqu86.png?imageView2/1/w/200/h/200', NULL, 0, NULL, NULL, 1133, NULL),
(11, 61, '华为', NULL, '13761545406', NULL, '2018-09-21 16:46:45', '2018-09-21 17:22:37', '$2y$10$4MLGqP09gJlUX01qVVa/CO9CQyxcwANO3kL0uNxvbJTX0xrhs/Axa', 'https://fsdhubcdn.phphub.org/uploads/images/201710/14/1/s5ehp11z6s.png?imageView2/1/w/200/h/200', NULL, 0, NULL, NULL, 1139, NULL),
(12, 63, '棒约翰', NULL, '15162470996', NULL, '2018-09-21 16:46:45', '2018-09-21 17:22:37', '$2y$10$6UZ2Atndr40lF9gHTmd1Gu0hRpNh9d4g1lotmIogxxMgcBPkEW6n6', 'https://fsdhubcdn.phphub.org/uploads/images/201710/14/1/s5ehp11z6s.png?imageView2/1/w/200/h/200', NULL, 0, NULL, NULL, 1140, NULL),
(13, 60, '巴拉巴拉', NULL, '13052073839', NULL, '2018-09-21 16:46:45', '2018-09-21 17:22:37', '$2y$10$tJj3AG8jWEsAmEhtbWT4ZO8CacMhQeqqSTNCJrkuiB7DATRv4JWRi', 'https://fsdhubcdn.phphub.org/uploads/images/201710/14/1/LOnMrqbHJn.png?imageView2/1/w/200/h/200', NULL, 0, NULL, NULL, 1141, NULL),
(14, 62, '嘉庭会老上海', NULL, '13917399333', NULL, '2018-09-21 16:46:45', '2018-09-21 17:22:37', '$2y$10$m4UOqx3CoMIaSBE2sPV8E.2dzUPhfD.DzGYDNDkrjHTHJckezHpTu', 'https://fsdhubcdn.phphub.org/uploads/images/201710/14/1/LOnMrqbHJn.png?imageView2/1/w/200/h/200', NULL, 0, NULL, NULL, 1142, NULL),
(15, 59, 'vip测试账户', NULL, '14000000000', NULL, '2018-09-21 17:21:27', '2018-09-29 17:03:44', '$2y$10$w/6Qm4NswEJYggRpH/tWvedqsuHcX.WcwlfguVdwfdtHO3XoBvTAu', 'https://fsdhubcdn.phphub.org/uploads/images/201710/14/1/xAuDMxteQy.png?imageView2/1/w/200/h/200', NULL, 0, NULL, NULL, 1133, NULL),
(16, 65, '张珊', NULL, '15105162661', NULL, '2018-10-24 16:59:13', '2018-10-24 16:59:13', '$2y$10$DIU39iD3ArEZYk/k4Rlvs.xVQPs3UvbXFz58ARTJlFrIzAWKF9zLm', 'https://fsdhubcdn.phphub.org/uploads/images/201710/14/1/NDnzMutoxX.png?imageView2/1/w/200/h/200', NULL, 0, NULL, NULL, NULL, NULL),
(17, 66, 'JOJO', NULL, '13817658471', NULL, '2018-10-24 16:59:13', '2018-10-24 16:59:13', '$2y$10$JhtXRccGA6ur.yNXnSWR1OUerjofkgFFB2rXSrfnh4bGe/m3xjx3e', 'https://fsdhubcdn.phphub.org/uploads/images/201710/14/1/Lhd1SHqu86.png?imageView2/1/w/200/h/200', NULL, 0, NULL, NULL, NULL, NULL),
(18, 67, 'Dina', NULL, '15800824386', NULL, '2018-10-24 16:59:13', '2018-10-24 16:59:13', '$2y$10$46T/V14Xb6U5JoVuCx/88exC.3jI0bZayDN/ZABoBzDKC6c2li./e', 'https://fsdhubcdn.phphub.org/uploads/images/201710/14/1/xAuDMxteQy.png?imageView2/1/w/200/h/200', NULL, 0, NULL, NULL, NULL, NULL),
(19, 68, '龚仪婷', NULL, '18721228824', NULL, '2018-10-24 16:59:14', '2018-10-24 16:59:14', '$2y$10$MNho9j4eILWrnO8uk/EV/eO6AiH6pOoN44WZLUWvB3G5hiHEbHym.', 'https://fsdhubcdn.phphub.org/uploads/images/201710/14/1/xAuDMxteQy.png?imageView2/1/w/200/h/200', NULL, 0, NULL, NULL, NULL, NULL),
(20, 69, 'Cici Gao', NULL, '13788971012', NULL, '2018-10-24 16:59:14', '2018-10-24 16:59:14', '$2y$10$IXi2PsAthfqFuYzpgOfIjOMTSDqiOi3ArgUv.nEOvj5cr3JZpGxbO', 'https://fsdhubcdn.phphub.org/uploads/images/201710/14/1/NDnzMutoxX.png?imageView2/1/w/200/h/200', NULL, 0, NULL, NULL, NULL, NULL),
(21, 71, '顾蓓蓓', NULL, '13002110595', NULL, '2018-10-24 16:59:14', '2018-10-24 16:59:14', '$2y$10$2XE4eMhyJA6K.BMTh3CU5O.Pss5KpYB/ayqgzlGRCGhFTzMSKd0Q.', 'https://fsdhubcdn.phphub.org/uploads/images/201710/14/1/LOnMrqbHJn.png?imageView2/1/w/200/h/200', NULL, 0, NULL, NULL, NULL, NULL),
(22, 72, 'Joy Sun', NULL, '15201719522', NULL, '2018-10-24 16:59:14', '2018-10-24 16:59:14', '$2y$10$qXl917BZxNEiY3t8CD1gx.PmtqeLuHmf715ezJMBr9FNwZXXyPh8m', 'https://fsdhubcdn.phphub.org/uploads/images/201710/14/1/s5ehp11z6s.png?imageView2/1/w/200/h/200', NULL, 0, NULL, NULL, NULL, NULL),
(23, 73, '曹云飞', NULL, '15601662640', NULL, '2018-10-24 16:59:14', '2018-10-24 16:59:14', '$2y$10$4tIV6cJDYuY8kZStCwO9guUoY713riPHIeM14TzhER/kPcx7r6NWG', 'https://fsdhubcdn.phphub.org/uploads/images/201710/14/1/s5ehp11z6s.png?imageView2/1/w/200/h/200', NULL, 0, NULL, NULL, NULL, NULL),
(24, 74, '大融城联系人', NULL, '13817640255', NULL, '2018-10-30 19:13:10', '2018-10-30 19:14:26', '$2y$10$tNYIOIm6sj605ilmOBDAZOwLzCWNlrPUAiyKDvvTlnddA/ZqeZ/Lq', NULL, NULL, 0, NULL, NULL, NULL, NULL),
(25, 75, '仰强', '后端开发', '15671556667', NULL, '2018-10-31 14:12:42', '2018-10-31 14:12:42', '$2y$10$/ClbdICcsCN86KQK.hgl5O9n4NwcU9u/v4YVlKy6joY0vlpxz12tm', NULL, NULL, 0, NULL, NULL, NULL, NULL),
(26, 75, 'test', 'test', '18900000000', NULL, '2018-10-31 15:45:30', '2018-10-31 15:45:30', '$2y$10$OUk7Fl2/RMUd3hgDkgciNO.04T4ek/o0HIAZqTP3.W/ijyyz1/ZBS', NULL, NULL, 0, NULL, NULL, NULL, NULL),
(27, 77, '杨超越', '锦鲤', '13666666666', NULL, '2018-10-31 15:46:20', '2018-10-31 15:46:20', '$2y$10$z5MJaEPUsKmyfvg2rCD9KuREJON8gwZ47iUEKCDSXoLxjxOk4oz5i', NULL, NULL, 0, NULL, NULL, NULL, NULL),
(28, 75, 'dasjdn', 'sdas', '18974237847', NULL, '2018-10-31 16:12:58', '2018-10-31 16:12:58', '$2y$10$SLxXrDbPT6ZueLt2HVXwieIPzwOqZpz0By7ey6cFLwE6lpLtTaMXC', NULL, NULL, 0, NULL, NULL, NULL, NULL),
(29, 75, 'yang', 'dasdas', '17893432423', NULL, '2018-10-31 17:57:48', '2018-10-31 17:57:48', '$2y$10$O/PK0F/H.McksZ9PGt7QY..Xti99IPHG0sg2Rs6jwAIjCmiGqiJFy', NULL, NULL, 0, NULL, NULL, NULL, NULL),
(30, 81, '客户1', '客户1', '15000000000', NULL, '2018-11-07 17:15:46', '2018-11-07 17:15:46', '$2y$10$cUhqhipcMi.P6sAjyebknOxKxodTkg0uXFNTW1SOBymG16T/j3uGm', NULL, NULL, 0, NULL, NULL, NULL, NULL),
(31, 82, '测试2', '测试2', '13800000000', NULL, '2018-11-07 17:19:13', '2018-11-07 17:19:13', '$2y$10$3R5.KheII4RfxCf1GwPxPOGwXhgUa7.8meIRdAs34HSb3n6yWJWmW', NULL, NULL, 0, NULL, NULL, NULL, NULL),
(32, 80, '测试', '测试', '18900100000', NULL, '2018-11-13 16:27:26', '2018-11-13 16:27:26', '$2y$10$fF3hCuG1yvUTiavwoX8Sq..sLsprslmtvewSCEwW95lgqfreD1nSe', NULL, NULL, 0, NULL, NULL, NULL, NULL),
(33, 79, 'bdz', 'bdz', '18999999999', NULL, '2018-11-14 10:52:48', '2018-11-14 10:52:48', '$2y$10$77z5csOhVLHgsN0jeos9n.rfxyJGIZaAHx6QLUy.DD7hyyFpLPoGG', NULL, NULL, 0, NULL, NULL, NULL, NULL),
(34, 85, '测试人员1', '测试人员1', '16900000000', '021-6888882', '2018-11-15 14:09:34', '2018-11-15 14:11:11', '$2y$10$Q.q0rzb.Tv06/ilX9rSK6OvxwUE2V01v9kJRXwArzJaQpLt.yGrsG', NULL, NULL, 0, NULL, NULL, NULL, NULL);


INSERT INTO `permissions` (`id`, `name`, `guard_name`, `display_name`, `created_at`, `updated_at`) VALUES
  (1, 'company', 'web', '公司', '2018-05-10 20:27:37', '2018-05-10 20:27:37'),
  (2, 'system', 'web', '设置', '2018-05-10 20:27:37', '2018-05-10 20:27:37'),
  (3, 'contract', 'web', '合约', '2018-05-10 20:27:37', '2018-05-10 20:27:37'),
  (4, 'project', 'web', '节目', '2018-05-10 20:27:37', '2018-05-10 20:27:37'),
  (5, 'verify', 'web', '审核', '2018-05-10 20:27:37', '2018-05-10 20:27:37'),
  (6, 'device', 'web', '设备', '2018-05-10 20:27:37', '2018-05-10 20:27:37'),
  (7, 'ad', 'web', '广告', '2018-05-10 20:27:37', '2018-05-10 20:27:37'),
  (8, 'point', 'web', '点位', '2018-05-10 20:27:37', '2018-05-10 20:27:37'),
  (9, 'setting', 'web', '配置', '2018-07-12 16:09:06', '2018-07-12 16:09:06'),
  (10, 'team', 'web', '团队', '2018-07-12 16:09:06', '2018-07-12 16:09:06'),
  (11, 'report', 'web', '数据', '2018-07-12 16:09:06', '2018-07-12 16:09:06'),
  (12, 'home', 'web', '主页', '2018-07-12 16:09:06', '2018-07-12 16:09:06'),
  (13, 'download', 'web', '下载', '2018-07-26 22:10:25', '2018-07-26 22:10:25'),
  (14, 'account', 'web', '账户', '2018-09-21 17:21:26', '2018-09-21 17:21:26'),
  (15, 'resource', 'web', '资源', '2018-09-21 17:21:26', '2018-09-21 17:21:26'),
  (16, 'invoice', 'web', '票据', '2018-10-26 20:03:51', '2018-10-26 20:03:51'),
  (17, 'payments', 'web', '付款', '2018-10-26 20:03:51', '2018-10-26 20:03:51'),
  (18, 'finance_bill', 'web', '财务开票', '2018-10-26 20:03:51', '2018-10-26 20:03:51'),
  (19, 'finance_pay', 'web', '财务付款', '2018-10-26 20:03:51', '2018-10-26 20:03:51'),
  (20, 'auditing', 'web', '流程审批', '2018-10-26 20:03:51', '2018-10-26 20:03:51');


INSERT INTO `roles` (`id`, `name`, `guard_name`, `display_name`, `created_at`, `updated_at`) VALUES
(1, 'super-admin', 'web', '系统管理员', '2018-05-10 20:27:37', '2018-05-10 20:27:37'),
(2, 'admin', 'web', '管理员', '2018-05-10 20:27:37', '2018-05-10 20:27:37'),
(3, 'user', 'web', 'BD', '2018-05-10 20:27:37', '2018-05-10 20:27:37'),
(4, 'legal-affairs', 'web', '法务', '2018-05-10 20:27:37', '2018-05-10 20:27:37'),
(5, 'dev-ops', 'web', '运维', '2018-05-10 20:27:37', '2018-05-10 20:27:37'),
(6, 'project-manager', 'web', '产品经理', '2018-05-10 20:27:37', '2018-05-10 20:27:37'),
(7, 'ad_manager', 'web', '广告拓展', '2018-05-24 12:46:35', '2018-05-24 12:46:35'),
(8, 'market_owner', 'web', '场地主', '2018-07-12 16:09:06', '2018-07-12 16:09:06'),
(9, 'ad_owner', 'web', '广告主', '2018-09-05 11:09:46', '2018-09-05 11:09:46'),
(10, 'activity_vip', 'web', '活动vip', '2018-09-21 17:21:26', '2018-09-21 17:21:26'),
(11, 'legal-affairs-manager', 'web', '法务主管', '2018-10-26 20:03:51', '2018-10-26 20:03:51'),
(12, 'bd-manager', 'web', 'BD主管', '2018-10-26 20:03:51', '2018-10-26 20:03:51'),
(13, 'finance', 'web', '财务', '2018-10-26 20:03:51', '2018-10-26 20:03:51'),
(14, 'auditor', 'web', '审计', '2018-10-26 20:03:51', '2018-10-26 20:03:51'),
(15, 'operation', 'web', '运营', '2018-11-06 15:09:14', '2018-11-06 15:09:14');


INSERT INTO `users` (`id`, `parent_id`, `name`, `phone`, `email`, `password`, `weixin_openid`, `weixin_unionid`, `remember_token`, `created_at`, `updated_at`, `avatar`, `introduction`, `ar_user_id`, `notification_count`, `tower_access_token`, `tower_refresh_token`, `deleted_at`) VALUES
(1, NULL, '黄一', '13918011342', NULL, '$2y$10$BLQsiItvDZxpkeAIJii7DeVco68ksqrJz70AWQzhXfD9fR2.DIN.y', NULL, NULL, NULL, '2018-05-10 20:27:38', '2018-05-10 20:27:38', 'https://fsdhubcdn.phphub.org/uploads/images/201710/14/1/ZqM7iaP4CR.png?imageView2/1/w/200/h/200', NULL, 1000, 0, '', '', NULL),
(2, NULL, '杨凯帆', '13585766925', NULL, '$2y$10$H0OwUErk/MjyZHDBKK.0GuZbawFfp5CMIkN2PpieIbw1Em8U46LcK', NULL, NULL, NULL, '2018-05-10 20:27:38', '2018-05-10 20:27:38', 'https://fsdhubcdn.phphub.org/uploads/images/201710/14/1/s5ehp11z6s.png?imageView2/1/w/200/h/200', NULL, 1076, 0, '', '', NULL),
(3, NULL, '公司GM', '15201110112', NULL, '$2y$10$O/487u7CZWwO1agS5OmzQOu0hULLxVU2R1BL2eZgPCw4ZPCR.AXzC', NULL, NULL, NULL, '2018-05-10 20:27:39', '2018-05-10 20:27:39', 'https://fsdhubcdn.phphub.org/uploads/images/201710/14/1/LOnMrqbHJn.png?imageView2/1/w/200/h/200', NULL, 1002, 0, '', '', NULL),
(4, NULL, '桑桦', '13701656991', NULL, '$2y$10$tTiZCETxcee/W8fqFmyDpunZit2p0Vcw3ZvyCnmQvNUae4WHYRHJO', NULL, NULL, NULL, '2018-05-10 20:27:39', '2018-05-22 10:00:22', 'https://fsdhubcdn.phphub.org/uploads/images/201710/14/1/NDnzMutoxX.png?imageView2/1/w/200/h/200', NULL, 1046, 0, '', '', '2018-07-03 12:16:11'),
(5, NULL, '星视度科技', '17316321706', NULL, '$2y$10$RZ1kSaujMN5FChKtDyQCXe9nv9bkZ4G71eGdGeQuK9NWyVqx3VVGS', NULL, NULL, NULL, '2018-05-10 20:27:39', '2018-05-10 20:27:39', 'https://fsdhubcdn.phphub.org/uploads/images/201710/14/1/xAuDMxteQy.png?imageView2/1/w/200/h/200', NULL, 1078, 0, '', '', NULL),
(6, NULL, '王孟凯', '18501622347', NULL, '$2y$10$zrjVTSjDwE73csybCmCpDuMbKdmF1uOcheUzQLHBQ/PEFAwUv7Sfu', NULL, NULL, NULL, '2018-05-10 20:27:39', '2018-05-10 20:27:39', 'https://fsdhubcdn.phphub.org/uploads/images/201710/14/1/ZqM7iaP4CR.png?imageView2/1/w/200/h/200', NULL, 1043, 0, '', '', NULL),
(7, NULL, 'AR演示平台', '18501667333', NULL, '$2y$10$4EPcIBnUj1ahd7Ya9EYGoOGeJPC0Ga4GMleWxdFPGtRGOnvoMfWrK', NULL, NULL, NULL, '2018-05-10 20:27:39', '2018-05-11 16:51:18', 'https://fsdhubcdn.phphub.org/uploads/images/201710/14/1/xAuDMxteQy.png?imageView2/1/w/200/h/200', NULL, 1008, 0, '', '', NULL),
(8, NULL, '计广杰', '13918821641', NULL, '$2y$10$M6Xk3pKJpw7BvPFjRf9h3.mOm38N9gm0ITVd2XBln1xi1bnNR2yAK', 'oNN6q0ge5BrwHt0bVp8BpI5aPAog', NULL, NULL, '2018-05-10 20:27:39', '2018-07-05 11:55:00', 'https://fsdhubcdn.phphub.org/uploads/images/201710/14/1/ZqM7iaP4CR.png?imageView2/1/w/200/h/200', NULL, 1045, 0, '', '', NULL),
(9, NULL, '黄斌伟', '18501667323', NULL, '$2y$10$BTSENyzbOWTitcEBTfRlGeF.JgFMJDIHOIaOroOSNAlWo6I9pAst.', NULL, NULL, NULL, '2018-05-10 20:27:39', '2018-09-06 13:28:09', 'https://fsdhubcdn.phphub.org/uploads/images/201710/14/1/LOnMrqbHJn.png?imageView2/1/w/200/h/200', NULL, 1012, 0, '69faa7a45402adead6dada3f3cb5b175eb8e9b8477a6d0228c17639e8e1cbfb0', 'c5c555930083386c7b21aca86899c459fda12a5efea3889d47dd5bb9232b3a3a', NULL),
(10, NULL, 'simon', '13122886280', NULL, '$2y$10$jz7GkVQOO1tfvGC.TM.48evMdN.MHAimXbTtQa5WUFZDUeA3ugU1y', 'oNN6q0h9r0Cv9u7WZw1_iTjK1pz4', NULL, NULL, '2018-05-10 20:27:39', '2018-07-05 15:11:03', 'https://fsdhubcdn.phphub.org/uploads/images/201710/14/1/xAuDMxteQy.png?imageView2/1/w/200/h/200', NULL, 1016, 0, '', '', NULL),
(11, NULL, '张京京', '13812345679', NULL, '$2y$10$3BJCQDRNFzrrk3O.GB9mYeAQfX0eHqMfwPFVo8wJ3WIKmFNOCj2Ju', NULL, NULL, NULL, '2018-05-10 20:27:39', '2018-11-23 14:16:26', 'https://fsdhubcdn.phphub.org/uploads/images/201710/14/1/Lhd1SHqu86.png?imageView2/1/w/200/h/200', NULL, 1017, 0, '952b3ab150d1e0e6f780e83d90f40ad5abba7e5b537291fd56d8280d5439c20d', 'a5c473f80c80e9d9d32a7f6687a944aaeb0a4abb7572120bc7dfcb79cefcfd44', NULL),
(12, NULL, '杨浩然', '17701628884', NULL, '$2y$10$mwveFmpc2wxaYc7YgNbdS.KKvKHseXC4teUghCzsOA2hVErNgrfK6', 'oNN6q0hR7ElyTHLF8Qj95Mh3deSk', NULL, NULL, '2018-05-10 20:27:40', '2018-07-05 12:15:40', 'https://fsdhubcdn.phphub.org/uploads/images/201710/14/1/ZqM7iaP4CR.png?imageView2/1/w/200/h/200', NULL, 1051, 0, '', '', NULL),
(13, NULL, '胡联洋', '18611147327', NULL, '$2y$10$EpV5GDQlKnTa8Za/Bda9qepj6Ej7nb6ju92vZzrsVSSvl6eNXPPGm', 'oNN6q0o5it5wwPF3jKVldO-LMN8k', NULL, NULL, '2018-05-10 20:27:40', '2018-07-05 11:33:19', 'https://fsdhubcdn.phphub.org/uploads/images/201710/14/1/LOnMrqbHJn.png?imageView2/1/w/200/h/200', NULL, 1047, 0, '', '', NULL),
(14, NULL, '秦洁莲', '13661874697', NULL, '$2y$10$1YfJKQKa7Qg.wa6wNnzUyOBY5I9qMfAopDiszo.no8GXZvTFPMoQW', 'oNN6q0t4Vb66nsQWuLai6m8XDLyM', NULL, NULL, '2018-05-10 20:27:40', '2018-09-21 16:31:37', 'https://fsdhubcdn.phphub.org/uploads/images/201710/14/1/Lhd1SHqu86.png?imageView2/1/w/200/h/200', NULL, 1048, 0, '48f95f0a5f0f7c4a436c56bc9371d3fac82ebc44244773ed2af08314e7662f9f', '45c20f9d9f9bf20e31e003e70182b81f84d9d2dbdf5311aaaa5d8ea29a28e073', NULL),
(15, NULL, '全星宇', '13795410573', NULL, '$2y$10$q5gTXycIFJGcRdW4uyLHm.0HD1DZ6tBRlhr12poF6or80eZjkeUwe', NULL, NULL, NULL, '2018-05-10 20:27:40', '2018-05-10 20:27:40', 'https://fsdhubcdn.phphub.org/uploads/images/201710/14/1/Lhd1SHqu86.png?imageView2/1/w/200/h/200', NULL, 1042, 0, '', '', NULL),
(16, 16, '张赛', '13764150962', NULL, '$2y$10$5.1d0ajIiedU/pp2qxNiAeB48jwdIpDIla848ZeSUrSaST4ffZK7O', 'oNN6q0hKPMa7Pb7eEnQWgO27KEZw', NULL, NULL, '2018-05-10 20:27:40', '2018-10-27 16:05:23', 'https://fsdhubcdn.phphub.org/uploads/images/201710/14/1/xAuDMxteQy.png?imageView2/1/w/200/h/200', NULL, 1116, 0, '', '', NULL),
(17, NULL, '姬睿', '17712345678', NULL, '$2y$10$6H2fYvSmrMtT7CxF5IvqweSXPFmbV0o2BKJTf5zQyU99t1lQ/EOSO', NULL, NULL, NULL, '2018-05-10 20:27:40', '2018-05-10 20:27:40', 'https://fsdhubcdn.phphub.org/uploads/images/201710/14/1/ZqM7iaP4CR.png?imageView2/1/w/200/h/200', NULL, 1025, 0, '', '', NULL),
(18, NULL, '江东', '15821667774', NULL, '$2y$10$WFqdIhDU9HezxlRPwY5J8uMYzNkfesZGg893jdY151wA8ZaBxZ6SK', NULL, NULL, NULL, '2018-05-10 20:27:40', '2018-05-10 20:27:40', 'https://fsdhubcdn.phphub.org/uploads/images/201710/14/1/ZqM7iaP4CR.png?imageView2/1/w/200/h/200', NULL, 1028, 0, '', '', NULL),
(19, NULL, '雷世杰', '13482241387', NULL, '$2y$10$xqI4iv4fHvXjHiaGeEPY4eGPtGbilqrbFdn3U2srDZRZ2lscFx7fK', NULL, NULL, NULL, '2018-05-10 20:27:40', '2018-05-10 20:27:40', 'https://fsdhubcdn.phphub.org/uploads/images/201710/14/1/s5ehp11z6s.png?imageView2/1/w/200/h/200', NULL, 1030, 0, '', '', NULL),
(20, NULL, '葛凤鸣', '13524703771', NULL, '$2y$10$UhMrZ27dEh/jInfqwu0FfuvY9UEbqJH5La2OmmIvCt/XGh.uP5wEG', NULL, NULL, NULL, '2018-05-10 20:27:40', '2018-05-10 20:27:40', 'https://fsdhubcdn.phphub.org/uploads/images/201710/14/1/LOnMrqbHJn.png?imageView2/1/w/200/h/200', NULL, 1031, 0, '', '', NULL),
(21, NULL, '周虎', '13916392949', NULL, '$2y$10$f8MTS7552elPDjTtvUDwruhhWsTzXdxwnCldqwELf1mm.oqy3QEqy', NULL, NULL, NULL, '2018-05-10 20:27:40', '2018-05-10 20:27:40', 'https://fsdhubcdn.phphub.org/uploads/images/201710/14/1/NDnzMutoxX.png?imageView2/1/w/200/h/200', NULL, 1050, 0, '', '', '2018-07-03 12:16:11'),
(22, 22, '高鑫凯', '18550116406', NULL, '$2y$10$L5mCahPbUD.Ua0BrubRI9OwuJ6KC10bmUaThlpeeiieGujIAU93j.', 'oNN6q0vmdSYKD8jOyF6kNVQPlbxY', NULL, NULL, '2018-05-10 20:27:41', '2018-10-27 16:07:54', 'https://fsdhubcdn.phphub.org/uploads/images/201710/14/1/NDnzMutoxX.png?imageView2/1/w/200/h/200', NULL, 1044, 0, '', '', NULL),
(23, NULL, '小泰良品', '18501667458', NULL, '$2y$10$Ebicbz6uT2e/Ms8EC9Iwbu2Cw3SV5kbm1bdZ46bLdPwFsCpy3SORO', NULL, NULL, NULL, '2018-05-10 20:27:41', '2018-05-10 20:27:41', 'https://fsdhubcdn.phphub.org/uploads/images/201710/14/1/xAuDMxteQy.png?imageView2/1/w/200/h/200', NULL, 1034, 0, '', '', NULL),
(24, NULL, '秦系', '18501669878', NULL, '$2y$10$5DYMj3m.RW7i/PgZ5rtVZOiOHTb2uxigQaOOm0hDQnjN6ZtZ1dftG', NULL, NULL, NULL, '2018-05-10 20:27:41', '2018-05-10 20:27:41', 'https://fsdhubcdn.phphub.org/uploads/images/201710/14/1/s5ehp11z6s.png?imageView2/1/w/200/h/200', NULL, 1049, 0, '', '', NULL),
(25, NULL, '测试通道', '18501667435', NULL, '$2y$10$vfTaNCx7DvUBqDnm/suNB.ynTW5RDaEcjaCgq45bFo8cbE7V09FuW', NULL, NULL, NULL, '2018-05-10 20:27:41', '2018-05-10 20:27:41', 'https://fsdhubcdn.phphub.org/uploads/images/201710/14/1/Lhd1SHqu86.png?imageView2/1/w/200/h/200', NULL, 1036, 0, '', '', NULL),
(26, NULL, '杨建', '15812345678', NULL, '$2y$10$Esk2iuwSgTGg5dx4EivRxulFqIDYOdrllwRmcVOWVl5k5OQpARq2.', NULL, NULL, NULL, '2018-05-10 20:27:41', '2018-05-10 20:27:41', 'https://fsdhubcdn.phphub.org/uploads/images/201710/14/1/NDnzMutoxX.png?imageView2/1/w/200/h/200', NULL, 1038, 0, '', '', NULL),
(27, NULL, '徐保伦', '15554425080', NULL, '$2y$10$zKEoSZXDdTEuRXcYB0O7lu16YF38DW7bfthX/10bNdsdOjnBIAGMe', NULL, NULL, NULL, '2018-05-10 20:27:41', '2018-05-10 20:27:41', 'https://fsdhubcdn.phphub.org/uploads/images/201710/14/1/xAuDMxteQy.png?imageView2/1/w/200/h/200', NULL, 1039, 0, '', '', NULL),
(28, NULL, '苏州中心', '18501667987', NULL, '$2y$10$EIwtlzth9eWEjhqOXz2yL.Hh9PwEy3DSaIyu19uYgiViuLVYkbzPm', NULL, NULL, NULL, '2018-05-10 20:27:41', '2018-05-10 20:27:41', 'https://fsdhubcdn.phphub.org/uploads/images/201710/14/1/s5ehp11z6s.png?imageView2/1/w/200/h/200', NULL, 1040, 0, '', '', NULL),
(29, NULL, '1088广场-傅佳欣', '13701617504', NULL, '$2y$10$mrR7DeeneWE4Wo2xjMftAuU1PaQjCwOs9.z3svJaPwr2v2SiIWNzS', NULL, NULL, NULL, '2018-05-10 20:27:41', '2018-05-10 20:27:41', 'https://fsdhubcdn.phphub.org/uploads/images/201710/14/1/Lhd1SHqu86.png?imageView2/1/w/200/h/200', NULL, 1052, 0, '', '', NULL),
(30, NULL, '扬州金鹰', '18052520520', NULL, '$2y$10$to97Ru3FbVN5nvq1bQSzXOh5WC2gCyepGAXH394phgVdOH94TMtGu', NULL, NULL, NULL, '2018-05-10 20:27:41', '2018-05-10 20:27:41', 'https://fsdhubcdn.phphub.org/uploads/images/201710/14/1/NDnzMutoxX.png?imageView2/1/w/200/h/200', NULL, 1053, 0, '', '', NULL),
(31, 31, '全孟操', '18616713696', NULL, '$2y$10$ZkeEL73j72r9zrKxupvvl.Cxe0ingAShRhbjcq5QKtbsUy.MegtrK', NULL, NULL, NULL, '2018-05-10 20:27:42', '2018-10-27 16:04:52', 'https://fsdhubcdn.phphub.org/uploads/images/201710/14/1/ZqM7iaP4CR.png?imageView2/1/w/200/h/200', NULL, 1054, 0, '', '', NULL),
(32, NULL, '严乐鹏', '17612109398', NULL, '$2y$10$VzMrN1vBaiu0c6wu0ck3w.CnUFmcxJu8SCbtb4YIRZnIK7bsqtWS.', 'oNN6q0u1h9-yrPPzaAzzKJ4ytbbw', NULL, NULL, '2018-05-10 20:27:42', '2018-07-05 18:50:14', 'https://fsdhubcdn.phphub.org/uploads/images/201710/14/1/ZqM7iaP4CR.png?imageView2/1/w/200/h/200', NULL, 1055, 0, '', '', NULL),
(33, NULL, '王骁', '13585719109', NULL, '$2y$10$vBgfheUZGMaJLJ3ATtEYD.ZX2FIEtLqt.LBqJULqrlXAB5mZCD4JO', NULL, NULL, NULL, '2018-05-10 20:27:42', '2018-05-10 20:27:42', 'https://fsdhubcdn.phphub.org/uploads/images/201710/14/1/Lhd1SHqu86.png?imageView2/1/w/200/h/200', NULL, 1056, 0, '', '', '2018-07-03 12:16:11'),
(34, NULL, '赵敏杰', '15021132701', NULL, '$2y$10$dpXiJjlJ9h3m7cxfDiKIX.i8WlOb.G7/MmOZ/SJpdDM/41VZ9iN7u', NULL, NULL, NULL, '2018-05-10 20:27:42', '2018-05-10 20:27:42', 'https://fsdhubcdn.phphub.org/uploads/images/201710/14/1/ZqM7iaP4CR.png?imageView2/1/w/200/h/200', NULL, 1074, 0, '', '', '2018-07-03 12:16:11'),
(35, 16, '朱建飞', '18762694756', NULL, '$2y$10$o3FSLi0nUeab.DpxiYryqeQ6FHQVwXz7Rsa.sN21KCTtgFumqrUZa', 'oNN6q0ixJSdnP5isWm4b4boHaf68', NULL, NULL, '2018-05-10 20:27:42', '2018-10-27 16:07:06', 'https://fsdhubcdn.phphub.org/uploads/images/201710/14/1/ZqM7iaP4CR.png?imageView2/1/w/200/h/200', NULL, 1073, 0, '', '', NULL),
(36, NULL, '文娟', '13916320677', NULL, '$2y$10$iPuqFhxfXKdPsbKZFi2dw.i1CkrbTrJArcrsc9sKKNMiKAGk0Nx66', 'oNN6q0hR1iJ4hTTNF17zP80AvdgA', NULL, NULL, '2018-05-10 20:27:42', '2018-10-31 14:38:22', 'https://fsdhubcdn.phphub.org/uploads/images/201710/14/1/LOnMrqbHJn.png?imageView2/1/w/200/h/200', NULL, 1077, 0, '11e9aab5220ba0bd39ac10ac4353420709f02b024a48fd4b697f34205a1c7e1a', '545ae55d2abed6121d32051ce49734c31cc3d23f1f0f40580438ae44edf54a5d', NULL),
(37, NULL, '叶小静', '15921955928', NULL, '$2y$10$lat7di.vlX8GmV7kt2scM.A/ye3mRw0ISG094oY1RcvkCAMO8CS0i', NULL, NULL, NULL, '2018-05-10 20:27:42', '2018-05-10 20:27:42', 'https://fsdhubcdn.phphub.org/uploads/images/201710/14/1/ZqM7iaP4CR.png?imageView2/1/w/200/h/200', NULL, 1075, 0, '', '', NULL),
(38, NULL, '黄周维', '18756281586', NULL, '$2y$10$NAcuvSIwyrnS.sJAHJTADOSpRS2MkbCVTlqssNvFB3ofVfjbwebJS', 'oNN6q0jjs31gfOevOJOTi0auFL3k', NULL, NULL, '2018-05-10 20:27:42', '2018-07-05 18:44:13', 'https://fsdhubcdn.phphub.org/uploads/images/201710/14/1/ZqM7iaP4CR.png?imageView2/1/w/200/h/200', NULL, 1080, 0, '', '', NULL),
(39, NULL, '颛桥万达', '13912178911', NULL, '$2y$10$qD9f9ZwhNkFl8vbYhYqUXOas1qK59.jhM64bYtXZ40UJEO7bFzyaC', NULL, NULL, NULL, '2018-05-10 20:27:42', '2018-05-10 20:27:42', 'https://fsdhubcdn.phphub.org/uploads/images/201710/14/1/LOnMrqbHJn.png?imageView2/1/w/200/h/200', NULL, 1081, 0, '', '', NULL),
(40, NULL, '邓永华', '13601928127', NULL, '$2y$10$NyunSDqpDpyrq/Aw5378v.BG.Nq9J1Jdjnsbb2Nz1qGzFeNET15nm', NULL, NULL, NULL, '2018-05-10 20:27:43', '2018-11-15 14:09:33', 'https://fsdhubcdn.phphub.org/uploads/images/201710/14/1/LOnMrqbHJn.png?imageView2/1/w/200/h/200', NULL, 1084, 14, '', '', NULL),
(41, NULL, '刘桂荣', '18606280106', NULL, '$2y$10$AXeQiqCzwGT0qNAt0sctoOquWT4k5czF07UhDu3WD5PKERHCqI.h2', NULL, NULL, NULL, '2018-05-10 20:27:43', '2018-05-10 20:27:43', 'https://fsdhubcdn.phphub.org/uploads/images/201710/14/1/LOnMrqbHJn.png?imageView2/1/w/200/h/200', NULL, 1085, 0, '', '', '2018-07-03 12:16:11'),
(42, NULL, '徐本纯', '15002121517', NULL, '$2y$10$PdyYTZsSHrmcc7u63gc7yOvAea.A29Y.bI4.HDw0d26LBlerbEu7G', NULL, NULL, NULL, '2018-05-10 20:27:43', '2018-07-02 09:17:45', 'https://fsdhubcdn.phphub.org/uploads/images/201710/14/1/Lhd1SHqu86.png?imageView2/1/w/200/h/200', NULL, 1086, 0, 'c9cf58c855cdc5daa822317def236efabf4564c67b89df4224270c61821a44e8', 'a41657cd460a7979315eac5e2929360ae37f613b18e75dd634689bca5b03093b', '2018-07-03 12:16:11'),
(43, NULL, '乐荟天地', '13918142504', NULL, '$2y$10$9J6cQeDRbjyuh2ucnfB3OuUFOChZhQQc5WscrwqEWG6meAxZt6Hnq', NULL, NULL, NULL, '2018-05-10 20:27:43', '2018-05-10 20:27:43', 'https://fsdhubcdn.phphub.org/uploads/images/201710/14/1/Lhd1SHqu86.png?imageView2/1/w/200/h/200', NULL, 1088, 0, '', '', NULL),
(44, NULL, '五龙商业广场', '18616764739', NULL, '$2y$10$ZBjAghr2jWJPgbCocvXxp.b0P6fGsL78ea34aG4Vs0K1ptK9i0LL2', NULL, NULL, NULL, '2018-05-10 20:27:43', '2018-07-05 12:16:49', 'https://fsdhubcdn.phphub.org/uploads/images/201710/14/1/Lhd1SHqu86.png?imageView2/1/w/200/h/200', NULL, 1089, 0, '', '', '2018-07-05 12:16:49'),
(45, NULL, '联洋广场', '15801970477', NULL, '$2y$10$LZ1zTFVpnqX0fk3/PE2Fcu7GUditnzDavWM/P.LM1pLGhoqU0Xkdu', NULL, NULL, NULL, '2018-05-10 20:27:43', '2018-07-05 12:17:01', 'https://fsdhubcdn.phphub.org/uploads/images/201710/14/1/LOnMrqbHJn.png?imageView2/1/w/200/h/200', NULL, 1090, 0, '', '', '2018-07-05 12:17:01'),
(46, NULL, '方圆', '15921145624', NULL, '$2y$10$6jHT9eA7YMcvIQb2aWZUn.SpX6aQ1Vj5oGB3g1wCdtrDtFLXPqWyK', NULL, NULL, NULL, '2018-05-10 20:27:43', '2018-09-21 18:39:02', 'https://fsdhubcdn.phphub.org/uploads/images/201710/14/1/ZqM7iaP4CR.png?imageView2/1/w/200/h/200', NULL, 1091, 0, '891d77efc70574d80e01d652148f237589d0ec5f91e752d51721b312be0631ec', 'fce1fc9018cd1f23e89763782c9695058ba6ebf408c7fd08686b0bb1412cf3b8', NULL),
(47, NULL, '‬陈允侃', '18621263369', NULL, '$2y$10$XSE/vGVQ4ufJhAZ9lWzcueVLASktxTm/6WAlu8V1G1FG0XPyq/2D.', NULL, NULL, NULL, '2018-05-10 20:27:43', '2018-05-10 20:27:43', 'https://fsdhubcdn.phphub.org/uploads/images/201710/14/1/LOnMrqbHJn.png?imageView2/1/w/200/h/200', NULL, 1092, 0, '', '', NULL),
(48, NULL, '杨陈青', '18001989779', NULL, '$2y$10$PMeFlPnYRfYvqV5IZD027.3GFhzwXv8TI/4it4ujziN0Jk3z5mQH6', NULL, NULL, NULL, '2018-05-10 20:27:43', '2018-05-10 20:27:43', 'https://fsdhubcdn.phphub.org/uploads/images/201710/14/1/NDnzMutoxX.png?imageView2/1/w/200/h/200', NULL, 1095, 0, '', '', '2018-07-03 12:16:11'),
(49, NULL, '朱少杰', '13761177533', NULL, '$2y$10$.br2rEi6sGN4XHYhgE2QIu8auS1lwaFXuWGP9kZW.D3Oi8ulypok.', NULL, NULL, NULL, '2018-05-10 20:27:43', '2018-05-10 20:27:43', 'https://fsdhubcdn.phphub.org/uploads/images/201710/14/1/xAuDMxteQy.png?imageView2/1/w/200/h/200', NULL, 1094, 0, '', '', NULL),
(50, NULL, '陈重', '13818403072', NULL, '$2y$10$zD5WQO4HjOJMsUphl7PtA.hrO/hOnRQev/5Mjvl1V1a3XBnoLDpcO', 'oNN6q0pq-f0-Z2E2gb0QeOmY4r-M', NULL, NULL, '2018-05-10 20:27:44', '2018-09-21 17:00:08', 'https://fsdhubcdn.phphub.org/uploads/images/201710/14/1/Lhd1SHqu86.png?imageView2/1/w/200/h/200', NULL, 1096, 0, '96060fe080d3c6acbcd51061300bef211126f6795e53178e72c4e71e3953dca8', 'b201cfd58f4fdaaff2cf3b259a02a150bb76d4e28b7e50125412abfc5b16d4fe', NULL),
(51, NULL, '梅永旺', '17621685673', NULL, '$2y$10$34TMWZBnp/SvP1jZH7R/5.REMSUwaVus07K4n4KY5HrE3mHP5Wqry', NULL, NULL, NULL, '2018-05-10 20:27:44', '2018-05-10 20:27:44', 'https://fsdhubcdn.phphub.org/uploads/images/201710/14/1/s5ehp11z6s.png?imageView2/1/w/200/h/200', NULL, 1097, 0, '', '', NULL),
(52, NULL, '王力', '15995617754', NULL, '$2y$10$h9IYhbXjRgsTqxh3jgsMoO/0VKNEyfudW0v8aYa8IjBrCIm3C/N4e', NULL, NULL, NULL, '2018-05-10 20:27:44', '2018-05-10 20:27:44', 'https://fsdhubcdn.phphub.org/uploads/images/201710/14/1/Lhd1SHqu86.png?imageView2/1/w/200/h/200', NULL, 1098, 0, '', '', NULL),
(53, NULL, '王铎', '15201967307', NULL, '$2y$10$AYSbNiZtQ2czGBTDv2BsSexjpA/KpX3xwMLtPkqEQUrF592YS/mTC', NULL, NULL, NULL, '2018-05-10 20:27:44', '2018-07-05 12:17:19', 'https://fsdhubcdn.phphub.org/uploads/images/201710/14/1/xAuDMxteQy.png?imageView2/1/w/200/h/200', NULL, 1099, 0, '', '', '2018-07-05 12:17:19'),
(54, NULL, '豪客来', '13174522550', NULL, '$2y$10$5S3tPSwxMF.MsAHaYMWEmeWnOu3BRTCCOB41vSzHxbPWZ/veiqRji', NULL, NULL, NULL, '2018-05-10 20:27:44', '2018-07-05 12:18:03', 'https://fsdhubcdn.phphub.org/uploads/images/201710/14/1/s5ehp11z6s.png?imageView2/1/w/200/h/200', NULL, 1100, 0, '', '', '2018-07-05 12:18:03'),
(55, NULL, '夏冬平', '13916912066', NULL, '$2y$10$BtbOPIBvSZVpOcRoweSWIuh9PBC4StULbyUuJo6ZkGGW/iXf2SqO2', NULL, NULL, NULL, '2018-05-10 20:27:44', '2018-08-06 21:55:27', 'https://fsdhubcdn.phphub.org/uploads/images/201710/14/1/Lhd1SHqu86.png?imageView2/1/w/200/h/200', NULL, 1101, 0, '', '', '2018-08-06 21:55:27'),
(56, NULL, '杨昀', '16602119264', NULL, '$2y$10$tIW2aKFIIRJeVHRLDWKVUe6bC43uCGyBXz0n4cm.x7e3tFdSXsyM6', NULL, NULL, NULL, '2018-05-10 20:27:44', '2018-11-12 13:36:43', 'https://fsdhubcdn.phphub.org/uploads/images/201710/14/1/ZqM7iaP4CR.png?imageView2/1/w/200/h/200', NULL, 1102, 0, '2958d063e1db4a9ff4bcfb6fcecaed20d04460ec942116a88655003bc6045403', 'c73da75eac320ce44a6092646e266ca63d2f2b5e631bafa2f0865588909b1606', NULL),
(57, NULL, '叶国强', '18721579578', NULL, '$2y$10$Ol/iqrVg/lzR9DELX1o35uitr1dIKm1cHXPlG/yJ3o2gaXhJaK/lm', NULL, NULL, NULL, '2018-05-10 20:27:44', '2018-05-21 20:45:19', 'https://fsdhubcdn.phphub.org/uploads/images/201710/14/1/xAuDMxteQy.png?imageView2/1/w/200/h/200', NULL, 1103, 0, '', '', NULL),
(58, 16, '孙嘉鸿', '13764705975', NULL, '$2y$10$V0QNqIO0trleW5HB8C21RuNoxXue6RxPzT74r6bhUBtgNElOGkleS', 'oNN6q0mFzXiPc6_Dc_L5yxNufJEY', NULL, NULL, '2018-05-10 20:27:44', '2018-10-27 16:06:24', 'https://fsdhubcdn.phphub.org/uploads/images/201710/14/1/ZqM7iaP4CR.png?imageView2/1/w/200/h/200', NULL, 1104, 0, '', '', NULL),
(59, NULL, '宗坚', '13806294933', NULL, '$2y$10$II5M8vvGa47RtBbEZbO3T.z8TJ/HmbpEYNwkCSB57EtiLZ2zZbH56', NULL, NULL, NULL, '2018-05-10 20:27:45', '2018-05-10 20:27:45', 'https://fsdhubcdn.phphub.org/uploads/images/201710/14/1/LOnMrqbHJn.png?imageView2/1/w/200/h/200', NULL, 1105, 0, '', '', NULL),
(60, NULL, '时运', '15921676527', NULL, '$2y$10$rij2JviPxASG80NTnlUuCu9JSEAI3GFtZoxnW9YFAmliJswcsUzvS', NULL, NULL, NULL, '2018-05-10 20:27:45', '2018-09-18 12:21:00', 'https://fsdhubcdn.phphub.org/uploads/images/201710/14/1/NDnzMutoxX.png?imageView2/1/w/200/h/200', NULL, 1106, 0, '89e2956d0ed32f287a279a64a024c2cf120d0bd536f1ce592672006de2ab81fb', '1a688a9afc7cea24d37b066b1245f1752c3471769f45e0777820ea5eb2a36776', NULL),
(61, NULL, '王翔', '18616348089', NULL, '$2y$10$gbVOF0ueI3ucOoIg5TnE0ucZt2vqRn.EJJWYxmEe8ct3/k9OaOKBi', NULL, NULL, NULL, '2018-05-10 20:27:45', '2018-09-21 15:09:33', 'https://fsdhubcdn.phphub.org/uploads/images/201710/14/1/s5ehp11z6s.png?imageView2/1/w/200/h/200', NULL, NULL, 0, '86a92455d0e4b94f8150e4c948a9cc177c8d0c87162613cb3ac681966cc1ba34', 'ba4f29623d6261b60852d0b6f6b913ae81e11cabac381645589f67ceb555e5f8', NULL),
(62, NULL, '赵俊', '15856363087', NULL, '$2y$10$syOQ.wSPW/Z.q3iawVqjb.7pF6pRQdgHu4.eu0jduDTXoRN2o4m0W', NULL, NULL, NULL, '2018-05-10 20:27:45', '2018-09-12 12:43:18', 'https://fsdhubcdn.phphub.org/uploads/images/201710/14/1/Lhd1SHqu86.png?imageView2/1/w/200/h/200', NULL, NULL, 0, 'e32972aad54e49f6a8a335e2948d1cefa4866bfaa1dfe0e5b5f420e2e92ba1dd', 'd76ae45a87ad53f77bb43ab4689b1fc210e01a2d8ab4fc50762aaef0dd8e726f', NULL),
(63, NULL, '姬睿', '13585967287', NULL, '$2y$10$dV21QIzQUpx61wcuQb/HuONr9Hfn1JV9hqSiDEsHAz/FXGNnGOn0O', NULL, NULL, NULL, '2018-05-17 10:34:44', '2018-09-12 09:59:09', 'https://fsdhubcdn.phphub.org/uploads/images/201710/30/1/TrJS40Ey5k.png', NULL, NULL, 0, '3a5094a049d2b5af73ad3cf12111b048267c6b642ec768f4fa2e4947228b42e3', 'fec5897d8bc8a8361bb23f4f5d5bf2bcd1ca3e8cc15708c04d213d47bb59b6dc', NULL),
(64, NULL, '黄凤娟', '15221844081', NULL, '$2y$10$qgRuwvaQjl7lRVgEs/0jG.LxEyohG9XfPz4PDiDRhXYYGaNuEeUve', 'oNN6q0k-6qgkKEbzfVcWEwbFgPl4', NULL, NULL, '2018-05-17 21:06:11', '2018-11-19 14:34:12', 'https://fsdhubcdn.phphub.org/uploads/images/201710/30/1/TrJS40Ey5k.png', NULL, NULL, 0, NULL, NULL, NULL),
(65, NULL, 'LEO', '18516181813', NULL, '$2y$10$xU.tEAYvx9q7kktGeTUg2.0omlTz77WMVdDO9doY8xQ7W5itQeP5q', NULL, NULL, NULL, '2018-05-21 11:10:45', '2018-07-05 18:43:57', 'https://fsdhubcdn.phphub.org/uploads/images/201710/30/1/TrJS40Ey5k.png', NULL, NULL, 0, NULL, NULL, NULL),
(66, NULL, '陈重测试', '15072138702', NULL, '$2y$10$NG6ArehljX/DRSPjqwyMsufsqGzq8GKnDu.FW5KFptRShcxsVMrma', NULL, NULL, NULL, '2018-05-24 12:48:47', '2018-05-24 12:48:47', 'https://fsdhubcdn.phphub.org/uploads/images/201710/30/1/TrJS40Ey5k.png', NULL, NULL, 0, NULL, NULL, NULL),
(67, NULL, '黄凯', '13585888878', NULL, '$2y$10$sAWSU2OlKEZOpifwmRnD..1sg3bnsNd89s6jiNXBmkj2Q9n3bsRc.', NULL, NULL, NULL, '2018-05-24 17:15:44', '2018-05-24 17:15:44', 'https://fsdhubcdn.phphub.org/uploads/images/201710/30/1/TrJS40Ey5k.png', NULL, NULL, 0, NULL, NULL, NULL),
(68, NULL, '王秀宝', '18270826801', NULL, '$2y$10$Qq0TE1eglIl/lwfz3cQQ.Omq9I1lzN/VPMTJ1Q3cA6IrHDh4B/8cq', NULL, NULL, NULL, '2018-05-28 14:18:26', '2018-07-05 12:14:53', 'https://fsdhubcdn.phphub.org/uploads/images/201710/30/1/TrJS40Ey5k.png', NULL, NULL, 0, NULL, NULL, '2018-07-05 12:14:53'),
(69, NULL, '李盼', '13052361619', NULL, '$2y$10$7gEeWy/FSerTUDSauvxI/uZFgvkh2bBC0aa6tpWWzePTjSL74kceu', NULL, NULL, NULL, '2018-06-15 10:58:48', '2018-06-15 10:58:48', 'https://fsdhubcdn.phphub.org/uploads/images/201710/30/1/TrJS40Ey5k.png', NULL, NULL, 0, NULL, NULL, NULL),
(70, NULL, '郑问鼎', '17621185096', NULL, '$2y$10$/I71/YUbuJC8HI2BY7LO/OSLAJEUwVTf8Si/.r4hoPJiflMHlS9lC', NULL, NULL, NULL, '2018-06-27 14:20:28', '2018-07-03 14:33:34', 'https://fsdhubcdn.phphub.org/uploads/images/201710/30/1/TrJS40Ey5k.png', NULL, NULL, 0, NULL, NULL, NULL),
(71, NULL, '李泽文', '15021287550', NULL, '$2y$10$uMvuUd4T2GsiR1htMvGSLOwIDyUROBlGfAUfpyP7tbMCCQd7bcD9u', NULL, NULL, NULL, '2018-07-03 10:20:21', '2018-07-05 10:22:45', 'https://fsdhubcdn.phphub.org/uploads/images/201710/30/1/TrJS40Ey5k.png', NULL, NULL, 0, NULL, NULL, NULL),
(72, NULL, '测试用户', '13333333333', NULL, '$2y$10$XTw6EmnWl6M.Qj2U7Qa1l..5C3MLb8hmMLqJ/YKRgpNEdkHPVKuqC', NULL, NULL, NULL, '2018-07-04 17:33:24', '2018-07-04 17:34:22', 'https://fsdhubcdn.phphub.org/uploads/images/201710/30/1/TrJS40Ey5k.png', NULL, NULL, 0, NULL, NULL, '2018-07-04 17:34:22'),
(73, NULL, '贾琛琛', '18918029596', NULL, '$2y$10$m/YfHkU62cdIafKHGuqOzeCKGyGEQHX71uFpXY/XbSvLSj6PUEo76', 'oNN6q0tUl41J7pNYp8ue6agfRQ6M', NULL, NULL, '2018-07-06 11:27:50', '2018-07-06 11:32:20', 'https://fsdhubcdn.phphub.org/uploads/images/201710/30/1/TrJS40Ey5k.png', NULL, NULL, 0, NULL, NULL, NULL),
(74, NULL, '孙笑冬', '‭18795634433‬', NULL, '$2y$10$xJWMN6WUksCrYrZsLer/SOWv53lmUxK8kwVhSULpWGLB7/imLH04C', NULL, NULL, NULL, '2018-07-12 16:09:06', '2018-07-12 16:09:06', 'https://fsdhubcdn.phphub.org/uploads/images/201710/30/1/TrJS40Ey5k.png', NULL, NULL, 0, NULL, NULL, NULL),
(75, NULL, '张诗瑶', '13564805793', NULL, '$2y$10$sQ6sAUCiVBa2xIFaV.vc5edsOoR.EAgBObJ91VJCAhvsj0XJTVFiu', NULL, NULL, NULL, '2018-07-23 10:36:21', '2018-07-23 10:36:21', 'https://fsdhubcdn.phphub.org/uploads/images/201710/30/1/TrJS40Ey5k.png', NULL, NULL, 0, NULL, NULL, NULL),
(76, 31, '王坤', '13671652460', NULL, '$2y$10$AgiRPVuQySX/ILxOfihr5OE.ZwQ4Z6beRQi.ykBNSV7E0KbIJLiji', NULL, NULL, NULL, '2018-07-31 14:56:30', '2018-10-27 16:05:45', 'https://fsdhubcdn.phphub.org/uploads/images/201710/30/1/TrJS40Ey5k.png', NULL, NULL, 0, NULL, NULL, NULL),
(77, NULL, '冯志微', '15901976770', NULL, '$2y$10$GbONVpEQJf6ObATPawD5r.ortgTDUefxCiSL5dyTtIRihWbVAd2DG', NULL, NULL, NULL, '2018-08-21 11:18:23', '2018-08-21 11:18:23', 'https://fsdhubcdn.phphub.org/uploads/images/201710/30/1/TrJS40Ey5k.png', NULL, NULL, 0, NULL, NULL, NULL),
(78, NULL, '任亚捷', '15900979890', NULL, '$2y$10$mEUlEtv/l17HLPShmD/WPup3aa1wNjeNJZ0mTZQdgTwdIsP/jYVAy', NULL, NULL, NULL, '2018-09-06 21:52:33', '2018-09-06 21:52:33', 'https://fsdhubcdn.phphub.org/uploads/images/201710/30/1/TrJS40Ey5k.png', NULL, NULL, 0, NULL, NULL, NULL),
(79, NULL, 'bd_test', '15600000000', NULL, '$2y$10$oibVSrD9jTlB0SdLo2ecN.YoyqDICT92eINulDY4HD6ZqRzDZW9KW', NULL, NULL, NULL, '2018-10-25 14:14:30', '2018-10-27 16:05:32', 'https://fsdhubcdn.phphub.org/uploads/images/201710/30/1/TrJS40Ey5k.png', NULL, NULL, 0, NULL, NULL, '2018-10-27 16:05:32'),
(80, NULL, 'dsdas', '15700000000', NULL, '$2y$10$hEjILJ5nT/SnQXoFKO4z1OD/msV.jzPs5KsPtSsvc5dx12qSwLtyS', NULL, NULL, NULL, '2018-10-27 16:15:35', '2018-10-27 16:22:52', 'https://fsdhubcdn.phphub.org/uploads/images/201710/30/1/TrJS40Ey5k.png', NULL, NULL, 0, NULL, NULL, '2018-10-27 16:22:52'),
(81, 81, 'BDMa_test', '16100000000', NULL, '$2y$10$.WwpLL.nekLCJBI/pSch0ueL6jZX384NnVbeSM1GwO/g/XRQaI3oK', NULL, NULL, NULL, '2018-10-31 11:48:39', '2018-11-13 18:46:21', 'https://fsdhubcdn.phphub.org/uploads/images/201710/30/1/TrJS40Ey5k.png', NULL, NULL, 0, '47703a0738da01c1a97ebc5d6b4fc678c0fc31fefec43524d9cd0904853d9e5b', 'd623bd8161e226bf3478b17bf31d3e35fbdcfee446b5c62c0471dd771eede5d9', NULL),
(82, NULL, '仰强', '15671556667', NULL, '$2y$10$cu.rlzHV10O8AMb4/LeZH.LKOht1wOqvhZnN9fbQWpsdGgyrlbovC', NULL, NULL, NULL, '2018-10-31 11:59:25', '2018-10-31 11:59:25', 'https://fsdhubcdn.phphub.org/uploads/images/201710/30/1/TrJS40Ey5k.png', NULL, NULL, 0, NULL, NULL, NULL),
(83, 81, 'BD_test', '16000000000', NULL, '$2y$10$KzJRJ7MGDuK6zNsHbDnD.OCoKxf8/XHY7KLIzvXTbboqi3wexEmKi', NULL, NULL, NULL, '2018-10-31 13:23:36', '2018-10-31 13:34:16', 'https://fsdhubcdn.phphub.org/uploads/images/201710/30/1/TrJS40Ey5k.png', NULL, NULL, 0, NULL, NULL, NULL),
(84, 84, '法务主管_test', '16300000000', NULL, '$2y$10$ATs9s2mnXt6wBH8gJcPP4.52VerKWa2m0EzqU5rnHIsTRZ1qSX0i6', NULL, NULL, NULL, '2018-10-31 13:25:06', '2018-10-31 13:34:43', 'https://fsdhubcdn.phphub.org/uploads/images/201710/30/1/TrJS40Ey5k.png', NULL, NULL, 0, NULL, NULL, NULL),
(85, 84, '法务_test', '16200000000', NULL, '$2y$10$ra7KhTrLzgVTA1DWcMac/ecnXd85QVYOmu48yInwd3gcvpPuhiche', NULL, NULL, NULL, '2018-10-31 13:25:29', '2018-11-20 15:32:57', 'https://fsdhubcdn.phphub.org/uploads/images/201710/30/1/TrJS40Ey5k.png', NULL, NULL, 0, NULL, NULL, NULL),
(86, NULL, '财务_test', '16400000000', NULL, '$2y$10$oCOCeJ9av9n//UCdy5g6qOx9wOOw5Cexn4F6rKNKhodQlXuu/KPIq', NULL, NULL, NULL, '2018-10-31 13:36:35', '2018-10-31 13:36:35', 'https://fsdhubcdn.phphub.org/uploads/images/201710/30/1/TrJS40Ey5k.png', NULL, NULL, 0, NULL, NULL, NULL),
(87, NULL, '审计_test', '16500000000', NULL, '$2y$10$YRSptXEQVsins7qzhnojtuK6FWMcWryImkQ3EDd1ZVbIpeFRh0RR6', NULL, NULL, NULL, '2018-10-31 13:37:30', '2018-10-31 13:37:38', 'https://fsdhubcdn.phphub.org/uploads/images/201710/30/1/TrJS40Ey5k.png', NULL, NULL, 0, NULL, NULL, NULL),
(88, NULL, '运营_test', '18888888888', NULL, '$2y$10$N3SQ2.lk4j4J9PhlqoZq1eYs3bpRvtQcipH3VeHPLqkSptMdxGzSm', NULL, NULL, NULL, '2018-11-06 15:09:58', '2018-11-06 15:09:58', 'https://fsdhubcdn.phphub.org/uploads/images/201710/30/1/TrJS40Ey5k.png', NULL, NULL, 0, NULL, NULL, NULL),
(89, 81, '测试', '15200000000', NULL, '$2y$10$Wrp/7v97JAMM1//90aTeIOFoeAagGf6h1owIKm8w/y/csIZUxe6o2', NULL, NULL, NULL, '2018-11-06 18:33:05', '2018-11-06 18:33:05', 'https://fsdhubcdn.phphub.org/uploads/images/201710/30/1/TrJS40Ey5k.png', NULL, NULL, 0, NULL, NULL, NULL),
(90, NULL, '范卓', '18516555396', NULL, '$2y$10$gagPWjHRXjeYy7EMfCdGJec.pmnXF0hK8RAUKcbhKGAS.HQegj3Ra', NULL, NULL, NULL, '2018-11-07 17:49:51', '2018-11-07 17:49:51', 'https://fsdhubcdn.phphub.org/uploads/images/201710/30/1/TrJS40Ey5k.png', NULL, NULL, 0, NULL, NULL, NULL),
(91, NULL, '刘洪亚', '13775235292', NULL, '$2y$10$ZB7YqgvvW0uWcwZiuN6vkesJb4FUiIS.sm8LeJ.7j9ED.yx4VBlHG', NULL, NULL, NULL, '2018-11-27 12:04:07', '2018-11-27 12:04:07', 'https://fsdhubcdn.phphub.org/uploads/images/201710/30/1/TrJS40Ey5k.png', NULL, NULL, 0, NULL, NULL, NULL);

INSERT INTO `model_has_permissions` (`permission_id`, `model_id`, `model_type`) VALUES
  (13, 36, 'App\\Models\\User'),
  (13, 50, 'App\\Models\\User'),
  (13, 64, 'App\\Models\\User'),
  (20, 85, 'App\\Models\\User'),
  (18, 86, 'App\\Models\\User'),
  (19, 86, 'App\\Models\\User'),
  (20, 87, 'App\\Models\\User');


INSERT INTO `role_has_permissions` (`permission_id`, `role_id`) VALUES
  (1, 1),
  (2, 1),
  (3, 1),
  (4, 1),
  (5, 1),
  (6, 1),
  (7, 1),
  (8, 1),
  (10, 1),
  (11, 1),
  (12, 1),
  (16, 1),
  (17, 1),
  (1, 2),
  (2, 2),
  (4, 2),
  (6, 2),
  (7, 2),
  (8, 2),
  (10, 2),
  (11, 2),
  (12, 2),
  (1, 3),
  (3, 3),
  (4, 3),
  (6, 3),
  (11, 3),
  (12, 3),
  (16, 3),
  (17, 3),
  (1, 4),
  (3, 4),
  (5, 4),
  (16, 4),
  (17, 4),
  (6, 5),
  (4, 6),
  (7, 6),
  (8, 6),
  (11, 6),
  (12, 6),
  (4, 7),
  (7, 7),
  (8, 7),
  (11, 7),
  (12, 7),
  (8, 8),
  (9, 8),
  (14, 8),
  (15, 8),
  (7, 9),
  (14, 9),
  (15, 9),
  (11, 10),
  (14, 10),
  (1, 11),
  (3, 11),
  (4, 11),
  (6, 11),
  (7, 11),
  (8, 11),
  (10, 11),
  (11, 11),
  (12, 11),
  (16, 11),
  (17, 11),
  (1, 12),
  (3, 12),
  (4, 12),
  (6, 12),
  (11, 12),
  (12, 12),
  (16, 12),
  (17, 12),
  (16, 13),
  (17, 13),
  (17, 14),
  (3, 15),
  (16, 15),
  (17, 15);


INSERT INTO `model_has_roles` (`role_id`, `model_id`, `model_type`) VALUES
  (1, 1, 'App\\Models\\User'),
  (9, 2, 'App\\Models\\Customer'),
  (6, 2, 'App\\Models\\User'),
  (8, 3, 'App\\Models\\Customer'),
  (6, 3, 'App\\Models\\User'),
  (8, 4, 'App\\Models\\Customer'),
  (3, 4, 'App\\Models\\User'),
  (8, 5, 'App\\Models\\Customer'),
  (6, 5, 'App\\Models\\User'),
  (8, 6, 'App\\Models\\Customer'),
  (6, 6, 'App\\Models\\User'),
  (8, 7, 'App\\Models\\Customer'),
  (6, 7, 'App\\Models\\User'),
  (8, 8, 'App\\Models\\Customer'),
  (3, 8, 'App\\Models\\User'),
  (8, 9, 'App\\Models\\Customer'),
  (2, 9, 'App\\Models\\User'),
  (6, 10, 'App\\Models\\User'),
  (10, 11, 'App\\Models\\Customer'),
  (15, 11, 'App\\Models\\User'),
  (10, 12, 'App\\Models\\Customer'),
  (3, 12, 'App\\Models\\User'),
  (10, 13, 'App\\Models\\Customer'),
  (3, 13, 'App\\Models\\User'),
  (10, 14, 'App\\Models\\Customer'),
  (2, 14, 'App\\Models\\User'),
  (8, 15, 'App\\Models\\Customer'),
  (9, 15, 'App\\Models\\Customer'),
  (10, 15, 'App\\Models\\Customer'),
  (3, 15, 'App\\Models\\User'),
  (9, 16, 'App\\Models\\Customer'),
  (12, 16, 'App\\Models\\User'),
  (9, 17, 'App\\Models\\Customer'),
  (6, 17, 'App\\Models\\User'),
  (9, 18, 'App\\Models\\Customer'),
  (5, 18, 'App\\Models\\User'),
  (9, 19, 'App\\Models\\Customer'),
  (6, 19, 'App\\Models\\User'),
  (9, 20, 'App\\Models\\Customer'),
  (5, 20, 'App\\Models\\User'),
  (9, 21, 'App\\Models\\Customer'),
  (3, 21, 'App\\Models\\User'),
  (9, 22, 'App\\Models\\Customer'),
  (12, 22, 'App\\Models\\User'),
  (9, 23, 'App\\Models\\Customer'),
  (3, 23, 'App\\Models\\User'),
  (9, 24, 'App\\Models\\Customer'),
  (2, 24, 'App\\Models\\User'),
  (6, 25, 'App\\Models\\User'),
  (2, 26, 'App\\Models\\User'),
  (6, 27, 'App\\Models\\User'),
  (3, 28, 'App\\Models\\User'),
  (8, 29, 'App\\Models\\User'),
  (8, 30, 'App\\Models\\User'),
  (12, 31, 'App\\Models\\User'),
  (3, 32, 'App\\Models\\User'),
  (3, 33, 'App\\Models\\User'),
  (3, 34, 'App\\Models\\User'),
  (3, 35, 'App\\Models\\User'),
  (2, 36, 'App\\Models\\User'),
  (2, 37, 'App\\Models\\User'),
  (3, 38, 'App\\Models\\User'),
  (8, 39, 'App\\Models\\User'),
  (4, 40, 'App\\Models\\User'),
  (3, 41, 'App\\Models\\User'),
  (3, 42, 'App\\Models\\User'),
  (8, 43, 'App\\Models\\User'),
  (6, 44, 'App\\Models\\User'),
  (6, 45, 'App\\Models\\User'),
  (2, 46, 'App\\Models\\User'),
  (8, 47, 'App\\Models\\User'),
  (6, 48, 'App\\Models\\User'),
  (8, 49, 'App\\Models\\User'),
  (2, 50, 'App\\Models\\User'),
  (3, 50, 'App\\Models\\User'),
  (5, 51, 'App\\Models\\User'),
  (5, 52, 'App\\Models\\User'),
  (2, 53, 'App\\Models\\User'),
  (6, 54, 'App\\Models\\User'),
  (3, 55, 'App\\Models\\User'),
  (2, 56, 'App\\Models\\User'),
  (6, 57, 'App\\Models\\User'),
  (3, 58, 'App\\Models\\User'),
  (6, 59, 'App\\Models\\User'),
  (6, 60, 'App\\Models\\User'),
  (2, 61, 'App\\Models\\User'),
  (2, 62, 'App\\Models\\User'),
  (2, 63, 'App\\Models\\User'),
  (2, 64, 'App\\Models\\User'),
  (2, 65, 'App\\Models\\User'),
  (7, 66, 'App\\Models\\User'),
  (7, 67, 'App\\Models\\User'),
  (2, 68, 'App\\Models\\User'),
  (2, 69, 'App\\Models\\User'),
  (2, 70, 'App\\Models\\User'),
  (2, 71, 'App\\Models\\User'),
  (3, 72, 'App\\Models\\User'),
  (3, 73, 'App\\Models\\User'),
  (8, 74, 'App\\Models\\User'),
  (2, 75, 'App\\Models\\User'),
  (3, 76, 'App\\Models\\User'),
  (2, 77, 'App\\Models\\User'),
  (6, 78, 'App\\Models\\User'),
  (3, 79, 'App\\Models\\User'),
  (3, 80, 'App\\Models\\User'),
  (12, 81, 'App\\Models\\User'),
  (2, 82, 'App\\Models\\User'),
  (3, 83, 'App\\Models\\User'),
  (11, 84, 'App\\Models\\User'),
  (4, 85, 'App\\Models\\User'),
  (13, 86, 'App\\Models\\User'),
  (14, 87, 'App\\Models\\User'),
  (15, 88, 'App\\Models\\User'),
  (3, 89, 'App\\Models\\User'),
  (2, 90, 'App\\Models\\User'),
  (2, 91, 'App\\Models\\User');